-- phpMyAdmin SQL Dump
-- version 3.5.4
-- http://www.phpmyadmin.net
--
-- Host: 127.0.0.1
-- Generation Time: Jun 24, 2015 at 06:39 AM
-- Server version: 5.1.73
-- PHP Version: 5.3.28

SET SQL_MODE="NO_AUTO_VALUE_ON_ZERO";
SET time_zone = "+00:00";


/*!40101 SET @OLD_CHARACTER_SET_CLIENT=@@CHARACTER_SET_CLIENT */;
/*!40101 SET @OLD_CHARACTER_SET_RESULTS=@@CHARACTER_SET_RESULTS */;
/*!40101 SET @OLD_COLLATION_CONNECTION=@@COLLATION_CONNECTION */;
/*!40101 SET NAMES utf8 */;

--
-- Database: `meeting_leader`
--

-- --------------------------------------------------------

--
-- Table structure for table `meetings`
--

CREATE TABLE IF NOT EXISTS `meetings` (
  `id` int(11) NOT NULL AUTO_INCREMENT,
  `meetingcode` varchar(50) NOT NULL,
  `meetingTitle` text NOT NULL,
  `meetingDescription` text NOT NULL,
  `meetingPlace` text NOT NULL,
  `meetingHead` varchar(50) NOT NULL,
  `meetingDateTime` timestamp NOT NULL DEFAULT CURRENT_TIMESTAMP ON UPDATE CURRENT_TIMESTAMP,
  `adminAcceptingQuestion` varchar(20) NOT NULL COMMENT 'yes/no',
  `date_added` timestamp NOT NULL DEFAULT '0000-00-00 00:00:00',
  `date_updated` timestamp NOT NULL DEFAULT '0000-00-00 00:00:00',
  PRIMARY KEY (`id`)
) ENGINE=InnoDB  DEFAULT CHARSET=latin1 AUTO_INCREMENT=5 ;

--
-- Dumping data for table `meetings`
--

INSERT INTO `meetings` (`id`, `meetingcode`, `meetingTitle`, `meetingDescription`, `meetingPlace`, `meetingHead`, `meetingDateTime`, `adminAcceptingQuestion`, `date_added`, `date_updated`) VALUES
(1, '123456', 'saarc agenda', 'there are gather lot of people and also people from india and pakistan', '1444,ustrret light,bostwana,us', 'tim bernber lee', '2015-06-15 09:53:22', 'yes', '2015-06-04 07:14:20', '0000-00-00 00:00:00'),
(2, '654321', 'test vtest tests', 'test vtest tests', 'ballabhgarh', 'bill gates', '2015-06-05 13:55:42', 'yes', '2015-06-02 18:30:00', '2015-06-02 18:30:00'),
(3, '987654', 'project discussion', 'loreum ipsum loreum ipsumloreum ipsumloreum ipsumloreum ipsumloreum ipsumloreum ipsum', 'loreum ipsum', 'loreum ipsum', '2015-06-15 08:51:27', 'yes', '2015-06-09 07:15:26', '0000-00-00 00:00:00'),
(4, '123', 'loreum ipsum', 'loreum ipsum', 'loreum ipsumloreum ipsumloreum ipsumloreum ipsumloreum ipsumloreum ipsumloreum ipsum', 'loreum ipsum', '2015-06-10 10:18:24', 'yes', '2015-06-09 06:10:16', '2015-06-09 06:09:15');

-- --------------------------------------------------------

--
-- Table structure for table `meeting_questions`
--

CREATE TABLE IF NOT EXISTS `meeting_questions` (
  `id` int(11) NOT NULL AUTO_INCREMENT,
  `meeting_id` varchar(50) NOT NULL,
  `question_order` int(11) NOT NULL,
  `question` text NOT NULL,
  `timerValue` int(11) NOT NULL DEFAULT '15' COMMENT 'in seconds(by default 15 sec)',
  `pushed` int(1) NOT NULL,
  `date_added` timestamp NOT NULL DEFAULT CURRENT_TIMESTAMP ON UPDATE CURRENT_TIMESTAMP,
  `date_updated` timestamp NOT NULL DEFAULT '0000-00-00 00:00:00',
  `status` int(1) NOT NULL,
  PRIMARY KEY (`id`)
) ENGINE=InnoDB  DEFAULT CHARSET=latin1 AUTO_INCREMENT=3 ;

--
-- Dumping data for table `meeting_questions`
--

INSERT INTO `meeting_questions` (`id`, `meeting_id`, `question_order`, `question`, `timerValue`, `pushed`, `date_added`, `date_updated`, `status`) VALUES
(1, '1', 2, 'what is your age ?', 15, 0, '2015-06-03 13:36:36', '2015-06-02 23:48:32', 0),
(2, '3', 3, 'why are you smoking ?', 15, 0, '2015-06-15 13:58:01', '2015-06-02 18:30:00', 0);

-- --------------------------------------------------------

--
-- Table structure for table `question_options`
--

CREATE TABLE IF NOT EXISTS `question_options` (
  `id` int(11) NOT NULL AUTO_INCREMENT,
  `meeting_question_id` int(11) NOT NULL,
  `answer_order` int(11) NOT NULL,
  `options` text NOT NULL,
  `date_added` timestamp NOT NULL DEFAULT CURRENT_TIMESTAMP ON UPDATE CURRENT_TIMESTAMP,
  `date_updated` timestamp NOT NULL DEFAULT '0000-00-00 00:00:00',
  PRIMARY KEY (`id`)
) ENGINE=InnoDB  DEFAULT CHARSET=latin1 AUTO_INCREMENT=4 ;

--
-- Dumping data for table `question_options`
--

INSERT INTO `question_options` (`id`, `meeting_question_id`, `answer_order`, `options`, `date_added`, `date_updated`) VALUES
(1, 1, 2, 'a->18', '2015-06-02 18:30:00', '2015-06-02 18:30:00'),
(2, 1, 3, 'b->45', '2015-06-02 18:30:00', '2015-06-02 18:30:00'),
(3, 2, 5, 'a->18', '2015-06-03 11:35:32', '2015-06-02 18:30:00');

-- --------------------------------------------------------

--
-- Table structure for table `received_answers`
--

CREATE TABLE IF NOT EXISTS `received_answers` (
  `id` int(11) NOT NULL AUTO_INCREMENT,
  `meetingcode` int(11) NOT NULL,
  `question_id` int(11) NOT NULL,
  `answer_id` int(11) NOT NULL,
  `user_id` int(11) NOT NULL,
  `date_added` timestamp NOT NULL DEFAULT CURRENT_TIMESTAMP ON UPDATE CURRENT_TIMESTAMP,
  PRIMARY KEY (`id`)
) ENGINE=InnoDB  DEFAULT CHARSET=latin1 AUTO_INCREMENT=487 ;

--
-- Dumping data for table `received_answers`
--

INSERT INTO `received_answers` (`id`, `meetingcode`, `question_id`, `answer_id`, `user_id`, `date_added`) VALUES
(1, 123456, 1, 2, 3, '2015-06-03 14:08:28'),
(2, 123456, 1, 1, 3, '2015-06-03 14:08:36'),
(65, 0, 1, 1, 2, '2015-06-08 11:35:10'),
(66, 0, 1, 1, 2, '2015-06-08 12:00:48'),
(67, 0, 1, 1, 3, '2015-06-08 12:02:54'),
(68, 0, 2, 5, 3, '2015-06-08 12:03:24'),
(69, 0, 2, 9, 3, '2015-06-08 12:03:36'),
(70, 0, 2, 9, 81, '2015-06-08 12:05:00'),
(71, 0, 1, 1, 2, '2015-06-08 12:09:13'),
(72, 0, 1, 1, 2, '2015-06-08 12:09:55'),
(73, 0, 1, 2, 82, '2015-06-08 12:56:18'),
(74, 0, 1, -1, 82, '2015-06-08 13:04:47'),
(75, 0, 1, 1, 2, '2015-06-08 13:05:01'),
(76, 0, 1, 1, 2, '2015-06-08 13:21:14'),
(77, 0, 1, 1, 2, '2015-06-08 13:21:25'),
(78, 0, 1, -1, 83, '2015-06-08 13:30:00'),
(79, 0, 1, -1, 83, '2015-06-08 13:30:32'),
(80, 0, 1, 1, 83, '2015-06-08 13:31:32'),
(81, 0, 1, 1, 83, '2015-06-08 13:31:40'),
(82, 0, 1, -1, 2, '2015-06-08 14:04:53'),
(83, 0, 1, 1, 2, '2015-06-08 14:26:57'),
(84, 0, 1, 1, 2, '2015-06-08 14:43:53'),
(85, 0, 1, 1, 2, '2015-06-08 15:05:15'),
(86, 0, 1, 2, 37, '2015-06-08 15:10:04'),
(87, 0, 1, 2, 37, '2015-06-08 15:12:10'),
(88, 0, 1, 2, 37, '2015-06-08 15:20:09'),
(89, 0, 1, 2, 37, '2015-06-08 15:24:00'),
(90, 0, 1, 2, 37, '2015-06-08 15:27:06'),
(91, 0, 1, 2, 12, '2015-06-08 15:54:10'),
(92, 0, 1, 1, 2, '2015-06-08 16:01:39'),
(93, 0, 1, 1, 2, '2015-06-08 16:01:43'),
(94, 0, 1, 1, 82, '2015-06-09 04:49:20'),
(95, 0, 1, 1, 2, '2015-06-09 06:28:03'),
(96, 0, 1, 2, 84, '2015-06-09 06:36:01'),
(97, 0, 1, 2, 84, '2015-06-09 06:36:08'),
(98, 0, 1, 1, 84, '2015-06-09 06:49:06'),
(99, 0, 1, 1, 84, '2015-06-09 06:49:14'),
(100, 0, 1, 2, 84, '2015-06-09 06:49:38'),
(101, 0, 1, 2, 37, '2015-06-09 06:53:38'),
(102, 0, 1, 2, 37, '2015-06-09 06:54:44'),
(103, 0, 1, 2, 84, '2015-06-09 06:55:26'),
(104, 0, 1, 2, 84, '2015-06-09 06:55:38'),
(105, 0, 1, 2, 37, '2015-06-09 06:56:37'),
(106, 0, 1, 2, 37, '2015-06-09 07:01:16'),
(107, 0, 1, 2, 37, '2015-06-09 07:02:25'),
(108, 0, 1, 2, 37, '2015-06-09 07:02:56'),
(109, 0, 1, 2, 37, '2015-06-09 07:03:59'),
(110, 0, 1, 2, 37, '2015-06-09 07:06:25'),
(111, 0, 1, -1, 84, '2015-06-09 07:13:04'),
(112, 0, 1, 2, 37, '2015-06-09 07:17:46'),
(113, 0, 1, 2, 37, '2015-06-09 07:19:06'),
(114, 0, 1, -12, 2, '2015-06-09 07:22:39'),
(115, 0, 1, 2, 37, '2015-06-09 07:23:05'),
(116, 0, 1, 2, 37, '2015-06-09 07:24:00'),
(117, 0, 1, 1, 84, '2015-06-09 07:27:53'),
(118, 0, 1, 1, 84, '2015-06-09 07:28:01'),
(119, 0, 1, 2, 2, '2015-06-09 07:28:02'),
(120, 0, 1, 2, 37, '2015-06-09 07:28:05'),
(121, 0, 1, 1, 84, '2015-06-09 07:28:05'),
(122, 0, 1, 2, 37, '2015-06-09 07:30:16'),
(123, 0, 1, 2, 37, '2015-06-09 07:31:05'),
(124, 0, 1, 2, 37, '2015-06-09 07:31:55'),
(125, 0, 1, 2, 37, '2015-06-09 07:32:40'),
(126, 0, 1, -2, 2, '2015-06-09 07:34:29'),
(127, 0, 1, -23, 2, '2015-06-09 07:34:41'),
(128, 0, 1, 12, 2, '2015-06-09 07:38:49'),
(129, 0, 1, 2, 37, '2015-06-09 07:40:17'),
(130, 0, 1, 1, 2, '2015-06-09 07:40:21'),
(131, 0, 1, 2, 37, '2015-06-09 07:40:44'),
(132, 0, 1, 2, 37, '2015-06-09 07:44:42'),
(133, 0, 1, 2, 37, '2015-06-09 07:46:47'),
(134, 0, 1, 2, 37, '2015-06-09 07:48:10'),
(135, 0, 1, 2, 37, '2015-06-09 07:51:03'),
(136, 0, 1, -3, 2, '2015-06-09 07:51:31'),
(137, 0, 1, -3, 2, '2015-06-09 07:51:46'),
(138, 0, 1, 2, 37, '2015-06-09 07:54:36'),
(139, 0, 1, 2, 37, '2015-06-09 07:55:22'),
(140, 0, 1, 2, 37, '2015-06-09 07:57:14'),
(141, 0, 1, 4, 2, '2015-06-09 07:57:32'),
(142, 0, 1, 2, 37, '2015-06-09 07:58:23'),
(143, 0, 1, 2, 37, '2015-06-09 07:59:23'),
(144, 0, 1, 3, 2, '2015-06-09 07:59:32'),
(145, 0, 1, 2, 37, '2015-06-09 08:00:12'),
(146, 0, 1, 1, 37, '2015-06-09 08:01:54'),
(147, 0, 1, 1, 37, '2015-06-09 08:03:13'),
(148, 0, 1, 2, 37, '2015-06-09 08:10:17'),
(149, 0, 1, 2, 37, '2015-06-09 08:10:58'),
(150, 0, 1, 2, 84, '2015-06-09 08:24:55'),
(151, 0, 1, 1, 84, '2015-06-09 08:25:17'),
(152, 0, 1, 1, 84, '2015-06-09 08:25:26'),
(153, 0, 1, 2, 84, '2015-06-09 08:25:45'),
(154, 0, 1, 2, 84, '2015-06-09 08:25:55'),
(155, 0, 1, 2, 84, '2015-06-09 08:28:15'),
(156, 0, 1, 1, 37, '2015-06-09 08:40:21'),
(157, 0, 1, 1, 37, '2015-06-09 08:44:44'),
(158, 0, 1, 1, 2, '2015-06-09 10:06:40'),
(159, 0, 1, 1, 2, '2015-06-09 10:12:46'),
(160, 0, 1, 1, 103, '2015-06-09 10:12:56'),
(161, 0, 2, 1, 103, '2015-06-09 10:22:13'),
(162, 0, 2, 1, 103, '2015-06-09 10:22:32'),
(163, 0, 2, 2, 103, '2015-06-09 10:22:37'),
(164, 0, 2, 3, 103, '2015-06-09 10:22:40'),
(165, 0, 2, 3, 103, '2015-06-09 10:22:51'),
(166, 0, 1, 1, 2, '2015-06-09 10:24:29'),
(167, 0, 1, 2, 104, '2015-06-09 10:27:40'),
(168, 0, 1, 1, 2, '2015-06-09 10:34:34'),
(169, 0, 1, 1, 2, '2015-06-09 10:51:17'),
(170, 0, 1, 1, 5, '2015-06-09 11:26:28'),
(171, 0, 1, 1, 2, '2015-06-09 11:32:37'),
(172, 0, 1, 1, 5, '2015-06-09 11:47:47'),
(173, 0, 1, 1, 106, '2015-06-09 11:52:04'),
(174, 0, 1, 1, 106, '2015-06-09 11:54:04'),
(175, 123456, 1, 1, 105, '2015-06-09 12:05:50'),
(176, 123456, 1, 1, 105, '2015-06-09 12:07:16'),
(177, 123456, 1, 1, 105, '2015-06-09 12:09:43'),
(178, 987654, 1, 1, 97, '2015-06-09 13:00:24'),
(179, 123, 1, 1, 97, '2015-06-09 13:00:34'),
(180, 123456, 1, 2, 97, '2015-06-09 13:01:03'),
(181, 123456, 1, 1, 2, '2015-06-09 13:51:25'),
(182, 123, 2, 2, 103, '2015-06-09 13:52:36'),
(183, 123, 2, 2, 103, '2015-06-09 13:52:55'),
(184, 123, 2, 2, 103, '2015-06-09 13:53:07'),
(185, 123, 2, 2, 103, '2015-06-09 13:53:11'),
(186, 123456, 1, 2, 104, '2015-06-09 15:21:56'),
(187, 123456, 1, 1, 2, '2015-06-09 15:22:26'),
(188, 123456, 1, 1, 2, '2015-06-09 15:22:42'),
(189, 123456, 1, 2, 104, '2015-06-09 15:24:40'),
(190, 123456, 1, 1, 104, '2015-06-09 15:25:16'),
(191, 123456, 1, 1, 2, '2015-06-09 15:26:23'),
(192, 123456, 1, 1, 104, '2015-06-09 15:27:37'),
(193, 123456, 1, 1, 2, '2015-06-09 15:28:56'),
(194, 123456, 1, 1, 2, '2015-06-09 15:29:36'),
(195, 123456, 1, 1, 2, '2015-06-09 15:38:25'),
(196, 123456, 1, 1, 2, '2015-06-09 15:38:45'),
(197, 123456, 1, 1, 2, '2015-06-09 15:39:22'),
(198, 123456, 1, 1, 2, '2015-06-09 15:39:23'),
(199, 123456, 1, 1, 2, '2015-06-09 15:39:51'),
(200, 123456, 1, 1, 2, '2015-06-09 15:55:08'),
(201, 123456, 1, 1, 2, '2015-06-09 15:55:41'),
(202, 123456, 1, 2, 104, '2015-06-10 05:46:02'),
(203, 123456, 1, 1, 104, '2015-06-10 05:49:27'),
(204, 123456, 1, 2, 104, '2015-06-10 05:53:37'),
(205, 123456, 1, 2, 104, '2015-06-10 05:54:54'),
(206, 123456, 1, 1, 104, '2015-06-10 05:56:15'),
(207, 123456, 1, 2, 104, '2015-06-10 06:01:07'),
(208, 123456, 1, 2, 104, '2015-06-10 06:10:56'),
(209, 123456, 1, 2, 104, '2015-06-10 06:12:26'),
(210, 123456, 1, 1, 104, '2015-06-10 06:24:40'),
(211, 123456, 1, 2, 109, '2015-06-10 07:55:10'),
(212, 123456, 1, 2, 109, '2015-06-10 07:55:13'),
(213, 123456, 1, 2, 109, '2015-06-10 07:55:24'),
(214, 123456, 1, 1, 109, '2015-06-10 07:55:34'),
(215, 123456, 1, 2, 109, '2015-06-10 07:55:38'),
(216, 123456, 1, 1, 109, '2015-06-10 07:58:54'),
(217, 123456, 1, 1, 2, '2015-06-10 08:01:21'),
(218, 123456, 1, 1, 100, '2015-06-10 08:02:12'),
(219, 123456, 1, 1, 100, '2015-06-10 08:02:16'),
(220, 123456, 1, 1, 2, '2015-06-10 08:05:57'),
(221, 123456, 1, 1, 2, '2015-06-10 08:26:30'),
(222, 123456, 1, 1, 2, '2015-06-10 08:28:13'),
(223, 123456, 1, 1, 109, '2015-06-10 08:49:00'),
(224, 123456, 1, 1, 104, '2015-06-10 09:09:33'),
(225, 123456, 1, 2, 104, '2015-06-10 09:10:07'),
(226, 123456, 1, 1, 104, '2015-06-10 09:31:27'),
(227, 123456, 1, 2, 104, '2015-06-10 09:46:35'),
(228, 123456, 1, 1, 84, '2015-06-10 09:56:02'),
(229, 123456, 1, 1, 2, '2015-06-10 10:00:28'),
(230, 123456, 1, 1, 2, '2015-06-10 10:03:52'),
(231, 123456, 1, 1, 104, '2015-06-10 10:08:27'),
(232, 123456, 1, 1, 104, '2015-06-10 10:24:26'),
(233, 123456, 1, 2, 111, '2015-06-10 14:43:11'),
(234, 123456, 1, 2, 111, '2015-06-10 14:44:31'),
(235, 123456, 1, 2, 111, '2015-06-10 14:46:55'),
(236, 123456, 1, 2, 111, '2015-06-10 14:49:03'),
(237, 123456, 1, 2, 104, '2015-06-11 05:58:52'),
(238, 123456, 1, 2, 104, '2015-06-11 08:23:19'),
(239, 123456, 1, 2, 111, '2015-06-11 12:28:13'),
(240, 123456, 1, 2, 111, '2015-06-11 12:31:37'),
(241, 123456, 1, 1, 111, '2015-06-11 12:39:50'),
(242, 123456, 1, 2, 104, '2015-06-12 06:09:48'),
(243, 123456, 1, 2, 104, '2015-06-12 06:15:11'),
(244, 123456, 1, 2, 115, '2015-06-12 06:45:15'),
(245, 123456, 1, 1, 111, '2015-06-12 07:14:12'),
(246, 123456, 1, 1, 111, '2015-06-12 07:21:33'),
(247, 123456, 1, 2, 119, '2015-06-12 08:15:17'),
(248, 123456, 1, 2, 104, '2015-06-12 09:12:46'),
(249, 123456, 1, 2, 111, '2015-06-12 11:44:37'),
(250, 123456, 1, 2, 111, '2015-06-12 12:09:14'),
(251, 123456, 1, 1, 122, '2015-06-12 14:14:33'),
(252, 123456, 1, 1, 128, '2015-06-12 15:52:45'),
(253, 123456, 1, 2, 128, '2015-06-12 15:53:11'),
(254, 123456, 1, 2, 104, '2015-06-12 16:09:26'),
(255, 123456, 1, 1, 131, '2015-06-13 05:59:41'),
(256, 123456, 1, 2, 131, '2015-06-13 05:59:51'),
(257, 123456, 1, 2, 131, '2015-06-13 06:00:59'),
(258, 123456, 1, 1, 132, '2015-06-13 06:19:00'),
(259, 123456, 1, 2, 132, '2015-06-13 06:50:41'),
(260, 123456, 1, 1, 131, '2015-06-13 07:03:25'),
(261, 123456, 1, 1, 131, '2015-06-13 07:07:03'),
(262, 123456, 1, 1, 131, '2015-06-13 07:07:10'),
(263, 123456, 1, 2, 131, '2015-06-13 07:07:22'),
(264, 123456, 1, 1, 131, '2015-06-13 07:07:36'),
(265, 123456, 1, 1, 131, '2015-06-13 07:08:02'),
(266, 123456, 1, 2, 131, '2015-06-13 07:08:10'),
(267, 123456, 1, 1, 131, '2015-06-13 07:08:29'),
(268, 123456, 1, 1, 131, '2015-06-13 07:11:57'),
(269, 123456, 1, 2, 104, '2015-06-15 07:13:59'),
(270, 123456, 1, 2, 104, '2015-06-15 07:24:46'),
(271, 123456, 1, 2, 104, '2015-06-15 07:30:02'),
(272, 123456, 1, 2, 111, '2015-06-15 08:24:35'),
(273, 123456, 1, 2, 111, '2015-06-15 08:27:48'),
(274, 123456, 1, 2, 111, '2015-06-15 08:29:51'),
(275, 123456, 1, 2, 111, '2015-06-15 08:31:17'),
(276, 123456, 1, 1, 104, '2015-06-15 08:32:00'),
(277, 123456, 1, 2, 104, '2015-06-15 08:34:41'),
(278, 123456, 1, 2, 104, '2015-06-15 08:43:29'),
(279, 123456, 1, 2, 104, '2015-06-15 09:20:52'),
(280, 123456, 1, 1, 104, '2015-06-15 09:23:44'),
(281, 123456, 1, 2, 104, '2015-06-15 09:25:21'),
(282, 123456, 1, 2, 104, '2015-06-15 09:28:53'),
(283, 123456, 1, 2, 104, '2015-06-15 10:11:31'),
(284, 123456, 1, 2, 104, '2015-06-15 11:27:11'),
(285, 123456, 1, 2, 104, '2015-06-15 11:27:30'),
(286, 123456, 1, 2, 104, '2015-06-15 11:30:06'),
(287, 123456, 1, 2, 104, '2015-06-15 11:30:52'),
(288, 123456, 1, 2, 104, '2015-06-15 11:31:54'),
(289, 123456, 1, 2, 104, '2015-06-15 11:32:30'),
(290, 123456, 1, 2, 104, '2015-06-15 12:00:43'),
(291, 123456, 1, 2, 104, '2015-06-15 12:02:07'),
(292, 123456, 1, 2, 104, '2015-06-15 12:04:06'),
(293, 123456, 1, 2, 104, '2015-06-15 12:06:53'),
(294, 123456, 1, 2, 104, '2015-06-15 12:07:41'),
(295, 123456, 1, 2, 104, '2015-06-15 12:08:42'),
(296, 123456, 1, 2, 104, '2015-06-15 12:09:50'),
(297, 123456, 1, 2, 104, '2015-06-15 12:10:56'),
(298, 123456, 1, 2, 104, '2015-06-15 12:12:02'),
(299, 123456, 1, 2, 104, '2015-06-15 12:12:58'),
(300, 123456, 1, 2, 104, '2015-06-15 12:13:58'),
(301, 123456, 1, 2, 104, '2015-06-15 12:15:47'),
(302, 123456, 1, 2, 104, '2015-06-15 12:16:28'),
(303, 123456, 1, 2, 104, '2015-06-15 12:17:56'),
(304, 123456, 1, 2, 104, '2015-06-15 12:18:54'),
(305, 123456, 1, 2, 104, '2015-06-15 12:19:33'),
(306, 123456, 1, 2, 104, '2015-06-15 12:22:09'),
(307, 123456, 1, 2, 104, '2015-06-15 12:26:56'),
(308, 123456, 1, 2, 104, '2015-06-15 12:29:29'),
(309, 123456, 1, 2, 104, '2015-06-15 12:33:17'),
(310, 123456, 1, 2, 104, '2015-06-15 12:38:53'),
(311, 123456, 1, 2, 104, '2015-06-15 12:39:58'),
(312, 123456, 1, 2, 141, '2015-06-15 12:48:51'),
(313, 123456, 1, 2, 141, '2015-06-15 12:50:58'),
(314, 123456, 1, 2, 104, '2015-06-15 13:17:28'),
(315, 123456, 1, 2, 104, '2015-06-15 13:18:44'),
(316, 123456, 1, 2, 104, '2015-06-15 13:22:43'),
(317, 123456, 1, 2, 104, '2015-06-15 13:23:06'),
(318, 123456, 1, 2, 104, '2015-06-15 13:25:21'),
(319, 123456, 1, 2, 104, '2015-06-15 13:26:15'),
(320, 123456, 1, 2, 104, '2015-06-15 13:27:56'),
(321, 123456, 1, 2, 104, '2015-06-15 14:21:56'),
(322, 123456, 1, 1, 2, '2015-06-15 14:54:38'),
(323, 123456, 1, 1, 2, '2015-06-15 15:07:27'),
(324, 123456, 1, 1, 104, '2015-06-15 15:07:40'),
(325, 123456, 1, 1, 2, '2015-06-15 15:09:14'),
(326, 123456, 1, 2, 104, '2015-06-16 06:51:33'),
(327, 123456, 1, 2, 104, '2015-06-16 06:59:24'),
(328, 123456, 1, 2, 104, '2015-06-16 07:20:17'),
(329, 123456, 1, 2, 104, '2015-06-16 07:21:31'),
(330, 123456, 1, 2, 104, '2015-06-16 07:23:22'),
(331, 123456, 1, 2, 104, '2015-06-16 07:24:39'),
(332, 123456, 1, 2, 104, '2015-06-16 07:25:18'),
(333, 123456, 1, 2, 104, '2015-06-16 07:25:47'),
(334, 123456, 1, 2, 104, '2015-06-16 07:26:36'),
(335, 123456, 1, 2, 104, '2015-06-16 07:27:25'),
(336, 123456, 1, 2, 104, '2015-06-16 07:27:57'),
(337, 123456, 1, 2, 104, '2015-06-16 07:29:05'),
(338, 123456, 1, 2, 104, '2015-06-16 07:29:39'),
(339, 123456, 1, 2, 104, '2015-06-16 07:31:10'),
(340, 123456, 1, 2, 104, '2015-06-16 07:32:54'),
(341, 123456, 1, 2, 104, '2015-06-16 07:33:22'),
(342, 123456, 1, 2, 104, '2015-06-16 07:34:14'),
(343, 123456, 1, 2, 104, '2015-06-16 07:35:48'),
(344, 123456, 1, 2, 104, '2015-06-16 07:36:23'),
(345, 123456, 1, 2, 104, '2015-06-16 07:37:06'),
(346, 123456, 1, 2, 104, '2015-06-16 08:32:10'),
(347, 123456, 1, 2, 111, '2015-06-16 11:39:59'),
(348, 123456, 1, 2, 104, '2015-06-16 11:48:25'),
(349, 123456, 1, 2, 104, '2015-06-16 12:04:34'),
(350, 123456, 1, 2, 104, '2015-06-16 12:05:11'),
(351, 123456, 1, 2, 104, '2015-06-16 12:06:30'),
(352, 123456, 1, 2, 104, '2015-06-16 12:07:06'),
(353, 123456, 1, 2, 104, '2015-06-16 12:08:00'),
(354, 123456, 1, 2, 104, '2015-06-16 12:09:52'),
(355, 123456, 1, 2, 156, '2015-06-16 12:54:14'),
(356, 123456, 1, 2, 156, '2015-06-16 12:56:53'),
(357, 123456, 1, 2, 156, '2015-06-16 13:19:32'),
(358, 123456, 1, 2, 156, '2015-06-16 13:22:14'),
(359, 123456, 1, 2, 156, '2015-06-16 13:25:25'),
(360, 123456, 1, 2, 156, '2015-06-16 13:26:07'),
(361, 123456, 1, 2, 111, '2015-06-16 13:55:02'),
(362, 123456, 1, 2, 111, '2015-06-16 13:56:25'),
(363, 123456, 1, 2, 156, '2015-06-16 14:12:51'),
(364, 123456, 1, 2, 156, '2015-06-16 14:15:48'),
(365, 123456, 1, 2, 156, '2015-06-16 14:17:08'),
(366, 123456, 1, 2, 156, '2015-06-16 14:19:50'),
(367, 123456, 1, 2, 156, '2015-06-16 14:22:33'),
(368, 123456, 1, 2, 156, '2015-06-16 14:23:39'),
(369, 123456, 1, 2, 156, '2015-06-16 14:24:38'),
(370, 123456, 1, 2, 156, '2015-06-16 14:26:48'),
(371, 123456, 1, 2, 156, '2015-06-16 14:28:00'),
(372, 123456, 1, 2, 156, '2015-06-16 14:28:45'),
(373, 123456, 1, 2, 156, '2015-06-16 14:29:56'),
(374, 123456, 1, 2, 156, '2015-06-16 14:30:32'),
(375, 123456, 1, 2, 156, '2015-06-16 14:31:09'),
(376, 123456, 1, 2, 156, '2015-06-16 14:31:53'),
(377, 123456, 1, 2, 156, '2015-06-16 14:32:45'),
(378, 123456, 1, 2, 156, '2015-06-16 14:33:19'),
(379, 123456, 1, 2, 156, '2015-06-16 14:34:03'),
(380, 123456, 1, 2, 156, '2015-06-16 14:35:02'),
(381, 123456, 1, 2, 156, '2015-06-16 14:36:22'),
(382, 123456, 1, 2, 156, '2015-06-16 14:37:21'),
(383, 123456, 1, 2, 156, '2015-06-16 14:38:08'),
(384, 123456, 1, 2, 156, '2015-06-16 14:38:58'),
(385, 123456, 1, 2, 156, '2015-06-16 14:42:40'),
(386, 123456, 1, 2, 156, '2015-06-16 14:45:38'),
(387, 123456, 1, 2, 156, '2015-06-16 14:46:39'),
(388, 123456, 1, 2, 156, '2015-06-16 15:36:44'),
(389, 123456, 1, 2, 156, '2015-06-16 15:44:21'),
(390, 123456, 1, 1, 156, '2015-06-16 15:47:43'),
(391, 123456, 1, 2, 111, '2015-06-16 16:40:33'),
(392, 123456, 1, 2, 111, '2015-06-16 16:43:12'),
(393, 123456, 1, 2, 111, '2015-06-17 05:13:36'),
(394, 123456, 1, 2, 111, '2015-06-17 05:22:02'),
(395, 123456, 1, 2, 111, '2015-06-17 05:25:58'),
(396, 123456, 1, 2, 111, '2015-06-17 05:32:53'),
(397, 123456, 1, 2, 111, '2015-06-17 05:36:25'),
(398, 123456, 1, 2, 111, '2015-06-17 05:38:03'),
(399, 123456, 1, 1, 111, '2015-06-17 05:46:51'),
(400, 123456, 1, 2, 111, '2015-06-17 05:55:06'),
(401, 123456, 1, 2, 111, '2015-06-17 05:57:47'),
(402, 123456, 1, 2, 111, '2015-06-17 06:00:19'),
(403, 123456, 1, 1, 111, '2015-06-17 06:03:16'),
(404, 123456, 1, 2, 111, '2015-06-17 06:07:35'),
(405, 123456, 1, 2, 111, '2015-06-17 08:48:20'),
(406, 123456, 1, 2, 156, '2015-06-17 09:11:32'),
(407, 123456, 1, 2, 111, '2015-06-17 09:21:12'),
(408, 123456, 1, 2, 156, '2015-06-17 10:54:29'),
(409, 123456, 1, 2, 111, '2015-06-17 10:57:33'),
(410, 123456, 1, 1, 119, '2015-06-17 11:08:35'),
(411, 123456, 1, 2, 119, '2015-06-17 11:10:02'),
(412, 123456, 1, 1, 2, '2015-06-17 11:26:51'),
(413, 123456, 1, 1, 167, '2015-06-17 11:30:00'),
(414, 123456, 1, 2, 156, '2015-06-17 11:33:25'),
(415, 123456, 1, 2, 156, '2015-06-17 11:45:16'),
(416, 123456, 1, 2, 156, '2015-06-17 11:47:05'),
(417, 123456, 1, 2, 156, '2015-06-17 11:55:26'),
(418, 123456, 1, 2, 156, '2015-06-17 11:57:42'),
(419, 123456, 1, 2, 156, '2015-06-17 12:02:09'),
(420, 123456, 1, 2, 156, '2015-06-17 12:02:53'),
(421, 123456, 1, 2, 111, '2015-06-17 12:14:48'),
(422, 123456, 1, 2, 111, '2015-06-17 12:28:23'),
(423, 123456, 1, 2, 111, '2015-06-17 12:38:55'),
(424, 123456, 1, 2, 111, '2015-06-17 12:43:56'),
(425, 123456, 1, 1, 111, '2015-06-17 12:46:36'),
(426, 123456, 1, 2, 111, '2015-06-17 12:48:20'),
(427, 123456, 1, 2, 111, '2015-06-17 12:50:33'),
(428, 123456, 1, 2, 111, '2015-06-17 12:55:08'),
(429, 123456, 1, 1, 111, '2015-06-17 12:56:31'),
(430, 123456, 1, 1, 111, '2015-06-17 12:57:55'),
(431, 123456, 1, 2, 111, '2015-06-17 12:59:52'),
(432, 123456, 1, 1, 169, '2015-06-17 13:01:39'),
(433, 123456, 1, 1, 170, '2015-06-17 13:27:51'),
(434, 123456, 1, 2, 111, '2015-06-17 14:08:58'),
(435, 123456, 1, 2, 173, '2015-06-17 15:13:13'),
(436, 123456, 1, 2, 111, '2015-06-17 15:23:52'),
(437, 123456, 1, 2, 111, '2015-06-17 15:24:50'),
(438, 123456, 1, 2, 111, '2015-06-17 15:25:18'),
(439, 123456, 1, 2, 111, '2015-06-17 15:58:43'),
(440, 123456, 1, 2, 175, '2015-06-18 05:48:42'),
(441, 123456, 1, 2, 175, '2015-06-18 05:49:44'),
(442, 123456, 1, 2, 175, '2015-06-18 05:50:49'),
(443, 123456, 1, 2, 175, '2015-06-18 05:52:11'),
(444, 123456, 1, 1, 175, '2015-06-18 05:53:03'),
(445, 123456, 1, 1, 175, '2015-06-18 05:53:06'),
(446, 123456, 1, 2, 175, '2015-06-18 05:54:10'),
(447, 123456, 1, 2, 175, '2015-06-18 05:54:47'),
(448, 123456, 1, 2, 175, '2015-06-18 05:56:26'),
(449, 123456, 1, 2, 175, '2015-06-18 06:00:26'),
(450, 123456, 1, 2, 175, '2015-06-18 06:28:44'),
(451, 123456, 1, 2, 175, '2015-06-18 07:20:09'),
(452, 123456, 1, 2, 175, '2015-06-18 07:22:41'),
(453, 123456, 1, 2, 175, '2015-06-18 07:23:49'),
(454, 123456, 1, 1, 175, '2015-06-18 07:24:40'),
(455, 123456, 1, 2, 175, '2015-06-18 07:27:18'),
(456, 123456, 1, 2, 156, '2015-06-18 09:41:48'),
(457, 123456, 1, 2, 156, '2015-06-18 09:43:59'),
(458, 123456, 1, 2, 156, '2015-06-18 10:09:23'),
(459, 123456, 1, 2, 175, '2015-06-18 10:29:53'),
(460, 123456, 1, 1, 156, '2015-06-18 10:35:08'),
(461, 123456, 1, 2, 166, '2015-06-18 11:27:03'),
(462, 123456, 1, 2, 173, '2015-06-18 12:00:39'),
(463, 123456, 1, 2, 176, '2015-06-18 12:24:22'),
(464, 123456, 1, 2, 176, '2015-06-18 12:24:43'),
(465, 123456, 1, 2, 176, '2015-06-18 12:49:02'),
(466, 123456, 1, 1, 2, '2015-06-18 12:49:48'),
(467, 123456, 1, 2, 176, '2015-06-18 12:50:23'),
(468, 123456, 1, 1, 2, '2015-06-18 13:17:43'),
(469, 123456, 1, 2, 156, '2015-06-18 13:35:51'),
(470, 123456, 1, 2, 156, '2015-06-18 14:10:30'),
(471, 123456, 1, 1, 156, '2015-06-18 14:10:33'),
(472, 123456, 1, 1, 156, '2015-06-18 14:25:43'),
(473, 123456, 1, 1, 156, '2015-06-18 14:27:55'),
(474, 123456, 1, 2, 156, '2015-06-18 14:29:22'),
(475, 123456, 1, 2, 156, '2015-06-18 14:46:16'),
(476, 123456, 1, 2, 156, '2015-06-18 14:47:44'),
(477, 123456, 1, 1, 156, '2015-06-18 15:11:27'),
(478, 123456, 1, 2, 156, '2015-06-18 15:18:06'),
(479, 123456, 1, 2, 173, '2015-06-18 15:22:49'),
(480, 123456, 1, 1, 180, '2015-06-18 15:45:37'),
(481, 123456, 1, 1, 180, '2015-06-18 15:46:32'),
(482, 123456, 1, 1, 180, '2015-06-18 15:48:49'),
(483, 123456, 1, 2, 156, '2015-06-18 17:04:39'),
(484, 123456, 1, 1, 156, '2015-06-19 08:07:49'),
(485, 123456, 1, 2, 175, '2015-06-19 10:47:14'),
(486, 123456, 1, 2, 156, '2015-06-22 10:10:40');

-- --------------------------------------------------------

--
-- Table structure for table `users`
--

CREATE TABLE IF NOT EXISTS `users` (
  `id` int(11) NOT NULL AUTO_INCREMENT,
  `fullname` varchar(200) NOT NULL,
  `email` varchar(50) NOT NULL,
  `password` varchar(200) CHARACTER SET utf8 NOT NULL,
  `facebookloginflag` varchar(50) NOT NULL COMMENT 'yes=>facebook/no=>normal',
  `deviceid` varchar(200) NOT NULL,
  `status` int(1) NOT NULL,
  `date_added` timestamp NOT NULL DEFAULT CURRENT_TIMESTAMP ON UPDATE CURRENT_TIMESTAMP,
  `date_updated` datetime NOT NULL,
  PRIMARY KEY (`id`)
) ENGINE=InnoDB  DEFAULT CHARSET=latin1 AUTO_INCREMENT=208 ;

--
-- Dumping data for table `users`
--

INSERT INTO `users` (`id`, `fullname`, `email`, `password`, `facebookloginflag`, `deviceid`, `status`, `date_added`, `date_updated`) VALUES
(3, '', 'rk@gmail.com', 'dcaaa1d98bac7f3a67b0dea5de6fe065', 'no', '12345', 1, '2015-06-18 13:19:54', '0000-00-00 00:00:00'),
(5, 'rakeshmaurya', 'tk@gmail.com', 'e10adc3949ba59abbe56e057f20f883e', 'no', '6555', 1, '2015-06-18 13:20:01', '0000-00-00 00:00:00'),
(6, '', 'mohit@gmail.com', '827ccb0eea8a706c4c34a16891f84e7b', 'yes', '6544454', 1, '2015-06-23 07:52:08', '0000-00-00 00:00:00'),
(7, '', 'rk1@gmail.com', '827ccb0eea8a706c4c34a16891f84e7b', 'yes', '1234', 1, '2015-06-23 07:52:13', '0000-00-00 00:00:00'),
(8, '', 'prit@gmail.com', '827ccb0eea8a706c4c34a16891f84e7b', 'no', '852147963214785', 1, '2015-06-19 07:01:29', '0000-00-00 00:00:00'),
(9, '', 'rk21@gmail.com', '827ccb0eea8a706c4c34a16891f84e7b', 'yes', '1234', 0, '2015-06-04 16:36:18', '0000-00-00 00:00:00'),
(10, '', 'prit1@gmail.com', '827ccb0eea8a706c4c34a16891f84e7b', 'no', '852147963214785', 0, '2015-06-04 16:37:47', '0000-00-00 00:00:00'),
(11, '', 'prit2@gmail.com', '827ccb0eea8a706c4c34a16891f84e7b', 'no', '852147963214785', 0, '2015-06-04 16:39:00', '0000-00-00 00:00:00'),
(12, 'john', 'rk211@gmail.com', '827ccb0eea8a706c4c34a16891f84e7b', 'yes', '1234', 0, '2015-06-09 13:56:38', '0000-00-00 00:00:00'),
(13, '', 'prit3@gmail.com', '827ccb0eea8a706c4c34a16891f84e7b', 'no', '852147963214785', 0, '2015-06-04 16:42:15', '0000-00-00 00:00:00'),
(14, '', 'test@gmail.com', '827ccb0eea8a706c4c34a16891f84e7b', 'no', '852147963214785', 0, '2015-06-04 16:44:47', '0000-00-00 00:00:00'),
(15, '', 'rk5@gmail.com', '827ccb0eea8a706c4c34a16891f84e7b', 'yes', '1234', 0, '2015-06-04 16:57:03', '0000-00-00 00:00:00'),
(16, '', 'tarun12@gmail.com', '', 'yes', '1234', 1, '2015-06-19 12:18:26', '0000-00-00 00:00:00'),
(20, '', 'r@gmail.com', '827ccb0eea8a706c4c34a16891f84e7b', 'yes', '1234', 0, '2015-06-05 07:52:43', '0000-00-00 00:00:00'),
(21, '', 'sumedhaverma@gmail.com', '827ccb0eea8a706c4c34a16891f84e7b', 'no', '852147963214785', 0, '2015-06-05 09:17:34', '0000-00-00 00:00:00'),
(22, '', 'sumedhavermaa@gmail.com', '827ccb0eea8a706c4c34a16891f84e7b', 'no', '852147963214785', 0, '2015-06-05 10:36:38', '0000-00-00 00:00:00'),
(23, '', 'sum@gmail. com', 'd8578edf8458ce06fbc5bb76a58c5ca4', 'no', '353326061475531', 0, '2015-06-05 11:07:43', '0000-00-00 00:00:00'),
(24, '', 'arun@gmail.com', '202cb962ac59075b964b07152d234b70', 'no', '1234', 0, '2015-06-05 11:08:27', '0000-00-00 00:00:00'),
(25, '', 'fgh@gmail.com', 'a384b6463fc216a5f8ecb6670f86456a', 'no', '353326061475531', 0, '2015-06-05 11:08:40', '0000-00-00 00:00:00'),
(26, '', 'gagan@gmail.com', '202cb962ac59075b964b07152d234b70', 'no', '1234', 0, '2015-06-05 11:12:47', '0000-00-00 00:00:00'),
(27, '', 'amar@gmail.com', 'c20ad4d76fe97759aa27a0c99bff6710', 'no', '1234', 0, '2015-06-05 11:18:00', '0000-00-00 00:00:00'),
(28, '', 'testing.testing139@gmail.com', '202cb962ac59075b964b07152d234b70', 'no', '1234', 0, '2015-06-05 11:39:01', '0000-00-00 00:00:00'),
(29, '', 'abc@gmail.com', '76d80224611fc919a5d54f0ff9fba446', 'no', '353326061475531', 0, '2015-06-05 11:54:48', '0000-00-00 00:00:00'),
(30, '', 'asd@gmail.com', '76d80224611fc919a5d54f0ff9fba446', 'no', '353326061475531', 0, '2015-06-05 12:02:26', '0000-00-00 00:00:00'),
(31, '', 'sss@gmail.com', '76d80224611fc919a5d54f0ff9fba446', 'no', '353326061475531', 0, '2015-06-05 12:17:03', '0000-00-00 00:00:00'),
(32, '', 'qqq@gmail.com', '76d80224611fc919a5d54f0ff9fba446', 'no', '354994052782220', 0, '2015-06-05 12:37:59', '0000-00-00 00:00:00'),
(33, '', 'rakesh@gmail.com', '827ccb0eea8a706c4c34a16891f84e7b', 'yes', '1234', 0, '2015-06-05 12:56:27', '0000-00-00 00:00:00'),
(34, 'Rakesh Ranjan', 'bhi@gmail.com', '202cb962ac59075b964b07152d234b70', 'no', '354994052782220', 0, '2015-06-22 08:30:45', '0000-00-00 00:00:00'),
(35, '', 'ppp@gmail.com', '962012d09b8170d912f0669f6d7d9d07', 'no', '354994052782220', 0, '2015-06-05 13:28:47', '0000-00-00 00:00:00'),
(36, '', 'testing4deftsoft@gmail.com', '83b0daeddca719ba06caa8af0a6763d6', 'yes', '1234', 0, '2015-06-18 13:17:52', '0000-00-00 00:00:00'),
(37, '', 'admin@gmail.com', '7016e29c12fcdc6a984c750ef0a5d13e', '(null)', '1234', 0, '2015-06-10 08:22:30', '0000-00-00 00:00:00'),
(38, '', 'k@gmail.com', '202cb962ac59075b964b07152d234b70', '(null)', '1234', 0, '2015-06-05 13:52:54', '0000-00-00 00:00:00'),
(40, '', 'rkmaurya12@gmail.com', '827ccb0eea8a706c4c34a16891f84e7b', 'no', '123dffffffsss21224', 0, '2015-06-05 14:30:18', '0000-00-00 00:00:00'),
(41, '', 'rk12@gmail.com', '827ccb0eea8a706c4c34a16891f84e7b', 'yes', '1234', 0, '2015-06-05 14:30:24', '0000-00-00 00:00:00'),
(42, '', 'rk212@gmail.com', '827ccb0eea8a706c4c34a16891f84e7b', 'No', '1234', 0, '2015-06-05 15:05:24', '0000-00-00 00:00:00'),
(43, 'rakesh', 'rk12@gmail.com', '827ccb0eea8a706c4c34a16891f84e7b', 'yes', '1234', 0, '2015-06-05 15:08:48', '0000-00-00 00:00:00'),
(44, 'John', 'rk420@gmail.com', '827ccb0eea8a706c4c34a16891f84e7b', 'No', '1234', 0, '2015-06-05 15:11:53', '0000-00-00 00:00:00'),
(45, 'John', 'rk440@gmail.com', '827ccb0eea8a706c4c34a16891f84e7b', 'yes', '1234', 0, '2015-06-05 15:13:44', '0000-00-00 00:00:00'),
(46, 'John', 'rk444@gmail.com', '827ccb0eea8a706c4c34a16891f84e7b', 'no', '1234', 0, '2015-06-05 15:13:59', '0000-00-00 00:00:00'),
(47, 'hit', 'test2@gmail.com', '827ccb0eea8a706c4c34a16891f84e7b', 'no', '852147963214785', 0, '2015-06-05 15:40:33', '0000-00-00 00:00:00'),
(48, 'rakesh', 'rk12@gmail.com=', '827ccb0eea8a706c4c34a16891f84e7b', 'no', '1234', 0, '2015-06-05 15:47:26', '0000-00-00 00:00:00'),
(49, 'Kamal', 'kamal@gmail.com', 'a7405b01acaa388ffdebab8858f74ea0', 'no', '1234', 0, '2015-06-18 08:34:28', '0000-00-00 00:00:00'),
(50, 'rakeshmaurya', 'arman@gmail.com', '202cb962ac59075b964b07152d234b70', 'no', '1234', 0, '2015-06-09 05:23:26', '0000-00-00 00:00:00'),
(51, 'Kamal Khanal', 'kk@gmail.com', '202cb962ac59075b964b07152d234b70', 'no', '1234', 0, '2015-06-06 07:41:56', '0000-00-00 00:00:00'),
(52, 'Karak kak', 'kkk@gmail.com', '202cb962ac59075b964b07152d234b70', 'no', '1234', 0, '2015-06-06 07:48:25', '0000-00-00 00:00:00'),
(53, 'karan', 'karan@gmail.com', '202cb962ac59075b964b07152d234b70', 'no', '1234', 0, '2015-06-06 07:52:23', '0000-00-00 00:00:00'),
(54, 'Kamak', 'ka@gmail.com', '202cb962ac59075b964b07152d234b70', 'no', '1234', 0, '2015-06-06 07:54:53', '0000-00-00 00:00:00'),
(55, 'Anand', 'aaaa@gmail.com', '202cb962ac59075b964b07152d234b70', 'no', '1234', 0, '2015-06-06 08:35:40', '0000-00-00 00:00:00'),
(56, 'rakesh', 'rakesh.vits@rediffmail.com', 'e10adc3949ba59abbe56e057f20f883e', 'no', '1234', 0, '2015-06-06 10:29:24', '0000-00-00 00:00:00'),
(57, 'rakesh', 'rakesh123@gmail.com', '827ccb0eea8a706c4c34a16891f84e7b', 'yes', '1234', 0, '2015-06-08 07:37:34', '0000-00-00 00:00:00'),
(58, 'rakesh', 'rak@gmail.com', '827ccb0eea8a706c4c34a16891f84e7b', 'yes', '1234', 0, '2015-06-08 07:37:34', '0000-00-00 00:00:00'),
(59, 'rakesh', 'rak1991@gmail.com', '827ccb0eea8a706c4c34a16891f84e7b', 'yes', '1234', 0, '2015-06-08 07:37:34', '0000-00-00 00:00:00'),
(60, 'Ankit Bhatiya', 'ankit@gmail.com', '202cb962ac59075b964b07152d234b70', 'no', '1234', 0, '2015-06-08 07:26:36', '0000-00-00 00:00:00'),
(61, 'rakeshmaurya', 'rkmaurya@gmail.com', '827ccb0eea8a706c4c34a16891f84e7b', 'no', '1234', 0, '2015-06-08 07:37:34', '0000-00-00 00:00:00'),
(62, 'prateek tyagi', 'pk@gmail.com=', '', 'yes', '1234', 0, '2015-06-08 07:56:03', '0000-00-00 00:00:00'),
(63, 'rakeshmaurya', 'pktyagi@gmail.com=', '', 'yes', '1234', 0, '2015-06-08 08:01:10', '0000-00-00 00:00:00'),
(64, 'rakeshmaurya', 'rktyagi@gmail.com=', '', 'yes', '1234', 0, '2015-06-08 08:01:31', '0000-00-00 00:00:00'),
(65, 'rakeshmaurya', 'pk123@gmail.com=', '', 'no', '1234', 0, '2015-06-08 08:01:50', '0000-00-00 00:00:00'),
(66, 'Gagan Sharma', 'gaganshrm23@gmail.com', '202cb962ac59075b964b07152d234b70', 'no', '1234', 0, '2015-06-23 05:20:38', '0000-00-00 00:00:00'),
(67, 'Testing Tester', 'tester@yahoo.com', 'ae2b1fca515949e5d54fb22b8ed95575', 'no', '1234', 0, '2015-06-08 08:54:50', '0000-00-00 00:00:00'),
(68, 'Kumar', 'kumar.ram549@gmail.com', '3a132414298517f15cb688b7fdf8dd29', 'no', '1234', 0, '2015-06-08 08:56:40', '0000-00-00 00:00:00'),
(69, 'Testing Tester', 'teste@yahoo.com', 'ae2b1fca515949e5d54fb22b8ed95575', 'yes', '1234', 0, '2015-06-08 08:57:50', '0000-00-00 00:00:00'),
(70, 'Testing Tester', 'test', 'ae2b1fca515949e5d54fb22b8ed95575', 'no', '1234', 0, '2015-06-08 09:18:35', '0000-00-00 00:00:00'),
(71, 'John', 'rk44', '827ccb0eea8a706c4c34a16891f84e7b', 'no', '1', 0, '2015-06-08 09:32:57', '0000-00-00 00:00:00'),
(72, 'John', 'teste@gmail.com', 'b448c3447a151dd0f89afe8c7a09a468', 'no', 'qwe', 0, '2015-06-08 11:45:37', '0000-00-00 00:00:00'),
(73, 'John', 'qwerty@gmail.com', '', 'no', 'qwe', 0, '2015-06-08 09:49:52', '0000-00-00 00:00:00'),
(74, 'John', 'qwertyuiop@gmail.com', '2c04f98759d784b2d79bd72e8df2457c', 'no', 'qwe', 0, '2015-06-08 09:52:22', '0000-00-00 00:00:00'),
(75, 'John', 'qwertyuieop@gmail.com', '7215ee9c7d9dc229d2921a40e899ec5f', 'no', 'qwe', 0, '2015-06-08 09:57:04', '0000-00-00 00:00:00'),
(77, 'ttt@wee', '@gmail.com', '', 'yes', 'yu', 0, '2015-06-08 10:11:29', '0000-00-00 00:00:00'),
(78, '                    @wee', '23@gmail.com', '', 'yes', 'yu', 0, '2015-06-08 10:13:46', '0000-00-00 00:00:00'),
(79, 'cvc', 'cvc@gmail.com', '76d80224611fc919a5d54f0ff9fba446', 'no', '353323066493874', 0, '2015-06-08 10:32:15', '0000-00-00 00:00:00'),
(80, 'Joe Tester', 'testing@gmail.com', 'ae2b1fca515949e5d54fb22b8ed95575', 'no', 'yu', 0, '2015-06-08 10:35:42', '0000-00-00 00:00:00'),
(81, 'John', 'vinaytester139@yahoo.com', 'f526784726ed9dd61b410ff38d6bc368', 'yes', '1234', 0, '2015-06-08 11:47:00', '0000-00-00 00:00:00'),
(82, 'dd', 'dd@gmail.com', '76d80224611fc919a5d54f0ff9fba446', 'no', '354994052782220', 0, '2015-06-08 11:53:53', '0000-00-00 00:00:00'),
(83, 'sumi', 'sumedha@gmail.com', 'b2ca678b4c936f905fb82f2733f5297f', 'no', '353326061475531', 0, '2015-06-08 13:29:22', '0000-00-00 00:00:00'),
(84, 'sumi', 'sumedhaverma14@gmail.com', '6593f2d2dd8a5b27196b929c89ac86cf', 'no', '354994052782220', 0, '2015-06-23 12:38:44', '0000-00-00 00:00:00'),
(85, 'rajet', 'rkmauraytt@gmail.com', '', 'no', '1234', 0, '2015-06-09 05:12:17', '0000-00-00 00:00:00'),
(86, 'rajesh', 'raktest@gmail.com', '0c3d04888c1ee40a7ee86fb989eba6a9', 'no', '1234', 0, '2015-06-08 15:37:31', '0000-00-00 00:00:00'),
(87, 'rajesh', 'raktet@gmail.com', '', 'yes', '1234', 0, '2015-06-08 15:45:40', '0000-00-00 00:00:00'),
(88, 'rajesh', 'raktet1@gmail.com', '827ccb0eea8a706c4c34a16891f84e7b', 'no', '1234', 0, '2015-06-08 15:46:14', '0000-00-00 00:00:00'),
(89, 'teststs', 'navjot@gmail.com', '518ed29525738cebdac49c49e60ea9d3', 'no', '1234', 0, '2015-06-09 05:25:58', '0000-00-00 00:00:00'),
(90, 'rajesh', 'navjot1@gmail.com', '827ccb0eea8a706c4c34a16891f84e7b', 'no', '1234', 0, '2015-06-08 15:50:24', '0000-00-00 00:00:00'),
(91, 'test', 'rk12rr@gail.com', '827ccb0eea8a706c4c34a16891f84e7b', 'yes', '1234', 0, '2015-06-08 16:14:45', '0000-00-00 00:00:00'),
(92, 'rakesh', 'rakeshmaurya@gmail.com', '827ccb0eea8a706c4c34a16891f84e7b', 'no', '12345678', 0, '2015-06-08 16:26:50', '0000-00-00 00:00:00'),
(93, 'rakesh', 'rakesh1991@gmail.com', '827ccb0eea8a706c4c34a16891f84e7b', 'no', '1455234', 0, '2015-06-09 04:31:32', '0000-00-00 00:00:00'),
(94, 'rakesh', 'rkmaurya123@gmail.com', '827ccb0eea8a706c4c34a16891f84e7b', 'no', '1234', 0, '2015-06-09 06:02:00', '0000-00-00 00:00:00'),
(95, 'pk', 'pktyagi@gmail.com', '', 'yes', '1234', 0, '2015-06-09 06:41:34', '0000-00-00 00:00:00'),
(96, 'John Doe', 'rk2266@gmail.com', '827ccb0eea8a706c4c34a16891f84e7b', 'yes', '1234', 0, '2015-06-09 07:01:43', '0000-00-00 00:00:00'),
(97, 'john', 'tester@gmail.com', '0afe8a4d87deab2212672bfa50c93098', 'no', '1234', 0, '2015-06-09 09:55:33', '0000-00-00 00:00:00'),
(98, 'john', 'testerdsf@gmail.com', '827ccb0eea8a706c4c34a16891f84e7b', 'no', '1234', 0, '2015-06-09 08:50:07', '0000-00-00 00:00:00'),
(99, 'akhilesh', 'akhilesh@gmail.com', '', 'yes', '1234', 0, '2015-06-09 09:01:20', '0000-00-00 00:00:00'),
(100, 'rakesh', 'akhilesh123@gmail.com', '', 'yes', '123456', 0, '2015-06-09 09:17:33', '0000-00-00 00:00:00'),
(101, 'rakesh', 'umesh@gmail.com', '7db789d615a5af6bd9d74b21b8bfc507', 'no', '12348999', 0, '2015-06-09 09:27:53', '0000-00-00 00:00:00'),
(102, 'mnbv', 'mnbvcxz@yahoo.com', 'ae2b1fca515949e5d54fb22b8ed95575', 'no', '1234', 0, '2015-06-09 09:50:26', '0000-00-00 00:00:00'),
(103, 'john', 'prit12@gmail.com', 'f853dab76f80a5d4f76d4b7c65af7418', 'no', '1234', 0, '2015-06-09 10:39:55', '0000-00-00 00:00:00'),
(104, 'dafsadfs', 'a@gmail.com', '56589acfaa5ed0a08910d5f530c89e09', 'no', '1234', 0, '2015-06-16 12:26:58', '0000-00-00 00:00:00'),
(105, 'rakeestst', 'h@gmail.com', '865bedd2fba8fe20b828ed07600c64a4', 'no', '1234', 0, '2015-06-09 10:33:23', '0000-00-00 00:00:00'),
(106, 'tarun', 'tarun1@gmail.com', '5391708993a778831d9c37dfa74e250d', 'no', '1234', 0, '2015-06-09 11:51:33', '0000-00-00 00:00:00'),
(107, 'John', 'sdas@qw.com', '1545e945d5c3e7d9fa642d0a57fc8432', 'no', 'qw', 0, '2015-06-09 13:38:48', '0000-00-00 00:00:00'),
(108, 'test', 'sdas123@qw.com', '56ae5ed57bb094af96dfc51f27a68f38', 'yes', 'qw', 0, '2015-06-09 13:41:43', '0000-00-00 00:00:00'),
(109, 'yupi', 'and@gmail.com', '099b3b060154898840f0ebdfb46ec78f', 'no', '353323066493874', 0, '2015-06-10 08:56:43', '0000-00-00 00:00:00'),
(110, 'Kabiura', 'k1@gmail.com', '202cb962ac59075b964b07152d234b70', 'no', '1234', 0, '2015-06-10 11:08:45', '0000-00-00 00:00:00'),
(111, 'neha', 'neha@gmail.com', '202cb962ac59075b964b07152d234b70', 'no', '359792056128019', 1, '2015-06-18 14:04:42', '0000-00-00 00:00:00'),
(112, 'vv', 'vv@gmail.com', '099b3b060154898840f0ebdfb46ec78f', 'no', '354994052782220', 0, '2015-06-11 07:43:59', '0000-00-00 00:00:00'),
(113, 'abc', 'ab@gmail.com', '202cb962ac59075b964b07152d234b70', 'no', '1234', 0, '2015-06-11 08:16:03', '0000-00-00 00:00:00'),
(114, 'Tiger', 't@gmail.com', '202cb962ac59075b964b07152d234b70', 'no', '1234', 0, '2015-06-11 08:21:40', '0000-00-00 00:00:00'),
(115, 'Mr Kapoor', 'kapoor@gmail.com', '202cb962ac59075b964b07152d234b70', 'no', '1234', 0, '2015-06-12 06:42:43', '0000-00-00 00:00:00'),
(116, 'oo', 'oo@gmail.com', 'b2ca678b4c936f905fb82f2733f5297f', 'no', '359792056128019', 0, '2015-06-12 07:33:41', '0000-00-00 00:00:00'),
(117, 'aaaa', 'apple@gmail.com', '202cb962ac59075b964b07152d234b70', 'no', '1234', 0, '2015-06-12 07:34:42', '0000-00-00 00:00:00'),
(118, 'xx', 'xx@gmail.com', 'b2ca678b4c936f905fb82f2733f5297f', 'no', '359792056128019', 0, '2015-06-12 08:10:25', '0000-00-00 00:00:00'),
(119, 'gg', 'gg@gmail.com', 'b2ca678b4c936f905fb82f2733f5297f', 'no', '359792056128019', 0, '2015-06-12 08:14:26', '0000-00-00 00:00:00'),
(120, 'ghj', 'cfg@gmail.com', '099b3b060154898840f0ebdfb46ec78f', 'no', '353323066493874', 0, '2015-06-12 11:31:33', '0000-00-00 00:00:00'),
(121, 'fgh', 'cc@gmail.com', '099b3b060154898840f0ebdfb46ec78f', 'no', '353323066493874', 0, '2015-06-12 12:26:16', '0000-00-00 00:00:00'),
(122, 'Mr Manik Chand', 'm@gmail.com', 'aadea1f6a96f8104e014da3c8141512a', 'no', '1234', 0, '2015-06-12 14:15:35', '0000-00-00 00:00:00'),
(123, 'ghh', 'ggg@gmail.com', '099b3b060154898840f0ebdfb46ec78f', 'no', '359792056128019', 1, '2015-06-19 10:52:31', '0000-00-00 00:00:00'),
(124, 'test', 'hr@gmail.com', 'e10adc3949ba59abbe56e057f20f883e', 'no', '354994052782220', 0, '2015-06-12 15:43:15', '0000-00-00 00:00:00'),
(125, 'hr', 'hr@animated.com', '202cb962ac59075b964b07152d234b70', 'no', '1234', 0, '2015-06-12 15:46:00', '0000-00-00 00:00:00'),
(126, 'test', 'hghr@gmail.com', '202cb962ac59075b964b07152d234b70', 'no', '354994052782220', 0, '2015-06-12 15:47:30', '0000-00-00 00:00:00'),
(127, 'fullname test', 'test1@gmail.com', 'fcea920f7412b5da7be0cf42b8c93759', 'no', '99000478230173', 0, '2015-06-12 15:49:30', '0000-00-00 00:00:00'),
(128, 'jagdeep', 'jagdeep@gmail.com', '202cb962ac59075b964b07152d234b70', 'no', '354994052782220', 0, '2015-06-12 15:51:54', '0000-00-00 00:00:00'),
(129, 'Scott Mitchell', 'smitchell@gmail.com', 'fcea920f7412b5da7be0cf42b8c93759', 'no', '99000478230173', 0, '2015-06-13 02:08:16', '0000-00-00 00:00:00'),
(130, 'vhhj', 'vhhj@yahhoo.com', '099b3b060154898840f0ebdfb46ec78f', 'no', '354994052782220', 0, '2015-06-13 05:55:43', '0000-00-00 00:00:00'),
(131, 'jm', 'jm@qwerty.com', '202cb962ac59075b964b07152d234b70', 'no', '354994052782220', 0, '2015-06-13 05:57:52', '0000-00-00 00:00:00'),
(132, 'cv', 'cv@outlook.com', '099b3b060154898840f0ebdfb46ec78f', 'no', '354994052782220', 0, '2015-06-13 06:18:36', '0000-00-00 00:00:00'),
(133, 'ask', 'ask@gmail.com', '099b3b060154898840f0ebdfb46ec78f', 'no', '354994052782220', 0, '2015-06-13 07:25:54', '0000-00-00 00:00:00'),
(134, 'ddf', 'ddf@gmail.com', 'b2ca678b4c936f905fb82f2733f5297f', 'no', '359792056128019', 0, '2015-06-15 06:34:29', '0000-00-00 00:00:00'),
(135, 'jjk', 'jjk@gmail.com', '099b3b060154898840f0ebdfb46ec78f', 'no', '359792056128019', 0, '2015-06-15 06:35:18', '0000-00-00 00:00:00'),
(136, 'Gggg', 'gqq@gmail.com', '202cb962ac59075b964b07152d234b70', 'no', '1234', 0, '2015-06-15 06:36:23', '0000-00-00 00:00:00'),
(137, 'Kapa', 'kapa@gmail.com', '202cb962ac59075b964b07152d234b70', 'no', '1234', 0, '2015-06-15 06:52:07', '0000-00-00 00:00:00'),
(138, 'Mindo', 'mindo@gmail.com', '202cb962ac59075b964b07152d234b70', 'no', '1234', 0, '2015-06-15 07:01:27', '0000-00-00 00:00:00'),
(139, 'ram', 'ram@gmail.com', '827ccb0eea8a706c4c34a16891f84e7b', 'no', '12345678', 0, '2015-06-15 08:21:17', '0000-00-00 00:00:00'),
(140, 'fg', 'v@g.com', '4124bc0a9335c27f086f24ba207a4912', 'no', '353326061475531', 0, '2015-06-15 12:19:59', '0000-00-00 00:00:00'),
(141, 'Anand', 'anand@gmail.com', '202cb962ac59075b964b07152d234b70', 'no', '1234', 0, '2015-06-15 12:47:18', '0000-00-00 00:00:00'),
(142, 'raj', 'rktyagi@gmail.com', '827ccb0eea8a706c4c34a16891f84e7b', 'yes', '1234', 0, '2015-06-15 14:55:48', '0000-00-00 00:00:00'),
(143, 'Sir', 'sir@gmail.com', '202cb962ac59075b964b07152d234b70', 'no', '1234', 0, '2015-06-16 08:14:02', '0000-00-00 00:00:00'),
(144, 'Madam', 'maam@gmail.com', '202cb962ac59075b964b07152d234b70', 'no', '1234', 0, '2015-06-16 08:16:11', '0000-00-00 00:00:00'),
(145, 'John', '123412@gmail.com', '827ccb0eea8a706c4c34a16891f84e7b', 'YES', '1234', 0, '2015-06-16 08:48:29', '0000-00-00 00:00:00'),
(146, 'John', 'rk1223@gmail.com', '827ccb0eea8a706c4c34a16891f84e7b', 'no', '1234', 0, '2015-06-16 08:58:26', '0000-00-00 00:00:00'),
(147, 'John', 'email@email.com', '827ccb0eea8a706c4c34a16891f84e7b', 'yes', '1234', 0, '2015-06-16 09:31:59', '0000-00-00 00:00:00'),
(148, 'John', 'abc@abc.com', '827ccb0eea8a706c4c34a16891f84e7b', 'yes', '1234', 0, '2015-06-16 09:50:06', '0000-00-00 00:00:00'),
(149, 'kk', 'll@gmail.com', '099b3b060154898840f0ebdfb46ec78f', 'no', '359792056128019', 0, '2015-06-16 10:43:28', '0000-00-00 00:00:00'),
(150, 'C  $😂😂', 'oops@oops.com', 'a3590023df66ac92ae35e3316026d17d', 'no', '1234', 0, '2015-06-16 11:27:25', '0000-00-00 00:00:00'),
(151, 'rakesh', 'rktyagi1@gmail.com', '', 'yes', '12345667777', 0, '2015-06-16 11:57:56', '0000-00-00 00:00:00'),
(152, 'John', 'newtest@gmail.com', '', 'yes', '1234', 0, '2015-06-16 12:27:50', '0000-00-00 00:00:00'),
(153, 'John', 'newtest123@gmail.com', '', 'yes', '1234', 0, '2015-06-16 12:29:18', '0000-00-00 00:00:00'),
(154, 'ret', 'rk123@gmail.com', '', 'yes', '1234', 0, '2015-06-16 12:31:53', '0000-00-00 00:00:00'),
(155, 'John', 'newtest963@gmail.com', '', 'yes', '1234', 0, '2015-06-16 12:32:18', '0000-00-00 00:00:00'),
(156, 'eee', 'b@gmail.com', '202cb962ac59075b964b07152d234b70', 'no', '1234', 0, '2015-06-23 14:47:33', '0000-00-00 00:00:00'),
(157, 'John', 'email1@email.com', '', 'yes', '1234', 0, '2015-06-16 12:57:55', '0000-00-00 00:00:00'),
(158, 'Doe', 'abctest@gmail.com', '827ccb0eea8a706c4c34a16891f84e7b', 'no', '1234', 0, '2015-06-16 12:59:21', '0000-00-00 00:00:00'),
(159, 'Doe', 'abctest1@gmail.com', '827ccb0eea8a706c4c34a16891f84e7b', 'no', '1234', 0, '2015-06-16 13:57:33', '0000-00-00 00:00:00'),
(160, 'John', 'email12@email.com', '', 'yes', '1234', 0, '2015-06-16 13:58:32', '0000-00-00 00:00:00'),
(161, 'John', 'testing.testing139@gmaill.com', '', 'yes', '1234', 0, '2015-06-16 14:58:43', '0000-00-00 00:00:00'),
(162, 'John', 'testing.testing@gmail.com', '', 'yes', '1234', 0, '2015-06-16 15:08:08', '0000-00-00 00:00:00'),
(163, 'John', 'testing.testing138@gmail.com', '', 'yes', '1234', 0, '2015-06-16 15:09:53', '0000-00-00 00:00:00'),
(164, 'gfe', 'vdj@gmail.com', 'fcea920f7412b5da7be0cf42b8c93759', 'no', '99000478230173', 0, '2015-06-16 16:09:44', '0000-00-00 00:00:00'),
(165, 'smf', 'smf@gmail.com', 'fcea920f7412b5da7be0cf42b8c93759', 'no', '99000478230173', 0, '2015-06-16 16:45:13', '0000-00-00 00:00:00'),
(166, 'Hemant Bhatt', 'hemant.bhatt1990@gmail.com', '202cb962ac59075b964b07152d234b70', 'yes', '1234', 0, '2015-06-18 08:22:07', '0000-00-00 00:00:00'),
(167, 'asdf', 'asdf@www.com', 'df6d2338b2b8fce1ec2f6dda0a630eb0', 'no', '359792056128019', 0, '2015-06-17 11:29:42', '0000-00-00 00:00:00'),
(168, 'rakesh', 'rk1234@gmail.com', '827ccb0eea8a706c4c34a16891f84e7b', 'yes', '1234', 0, '2015-06-17 12:11:50', '0000-00-00 00:00:00'),
(169, 'sum', 'qwerty@test.com', '7815696ecbf1c96e6894b779456d330e', 'no', '353323066493874', 0, '2015-06-17 13:09:46', '0000-00-00 00:00:00'),
(170, 'tanvi', 'tav@gmail.com', '099b3b060154898840f0ebdfb46ec78f', 'no', '353323066493874', 0, '2015-06-17 13:26:22', '0000-00-00 00:00:00'),
(171, 'Rakesh', 'ra@gmail.com', '202cb962ac59075b964b07152d234b70', 'no', '1234', 0, '2015-06-17 13:47:41', '0000-00-00 00:00:00'),
(172, 'Sonali Dhingra', 'sonalidhingra1100@gmail.com', '', 'yes', '359792056128019', 0, '2015-06-17 14:05:09', '0000-00-00 00:00:00'),
(173, 'Ram Naresh', 'cooldudenaresh@gmail.com', '0436c815758ca3f3eb3b7be726695e80', 'yes', '359792056128019', 0, '2015-06-17 15:13:38', '0000-00-00 00:00:00'),
(174, 'uu', 'uu@gmail.com', '202cb962ac59075b964b07152d234b70', 'no', '359792056128019', 0, '2015-06-17 15:13:02', '0000-00-00 00:00:00'),
(175, 'Admin', 'admin@yahoo.com', '202cb962ac59075b964b07152d234b70', 'no', '1234', 0, '2015-06-18 05:47:02', '0000-00-00 00:00:00'),
(176, 'Yuvraj Singh', 'yuvraj.singh591@gmail.com', '', 'yes', '1234', 0, '2015-06-18 12:10:01', '0000-00-00 00:00:00'),
(177, 'rakesh', 'r.sharma77880@gmail.com', 'd1614f1ff2fbec585851cc14549ebc0a', '', '', 0, '2015-06-18 12:47:59', '0000-00-00 00:00:00'),
(178, 'hvg', '135@gmail.com', '099b3b060154898840f0ebdfb46ec78f', 'no', '359792056128019', 0, '2015-06-18 15:11:11', '0000-00-00 00:00:00'),
(179, 'Hitesh Bhardwaj', 'snoopybhardwaj@gmail.com', '202cb962ac59075b964b07152d234b70', 'yes', '1234', 0, '2015-06-18 15:33:41', '0000-00-00 00:00:00'),
(180, 'Hitesh Bhardwaj', 'h@b.com', 'e10adc3949ba59abbe56e057f20f883e', 'no', '1234', 0, '2015-06-18 15:43:46', '0000-00-00 00:00:00'),
(181, 'Scott Frankel', 'scott@animatic.com', '2d18e5340b17e4f8c8209853b85748c0', 'no', '1234', 0, '2015-06-19 12:02:47', '0000-00-00 00:00:00'),
(182, 'Hitesh', 'h1@b.com', 'e10adc3949ba59abbe56e057f20f883e', 'no', '1234', 0, '2015-06-18 16:10:48', '0000-00-00 00:00:00'),
(183, 'ghjk', 'vbhj@gmail.com', '23b58def11b45727d3351702515f86af', 'no', '354994052782220', 0, '2015-06-19 15:43:49', '0000-00-00 00:00:00'),
(184, 'Deepak Singh', 'deepaksingh2662@gmail.com', '81dc9bdb52d04dc20036dbd8313ed055', 'yes', '354994052782220', 0, '2015-06-19 15:45:41', '0000-00-00 00:00:00'),
(185, 'test', 'xyz@gmail.com', '827ccb0eea8a706c4c34a16891f84e7b', 'no', '353323066493874', 0, '2015-06-20 05:48:44', '0000-00-00 00:00:00'),
(186, 'poojA', 'testteam47@gmail.com', 'e9e78d70ece5c495302be534411c60ba', 'no', '353323066493874', 0, '2015-06-23 08:11:50', '0000-00-00 00:00:00'),
(187, 'pooja arora', 'poojaarora.g@gmail.com', 'fb21c9e77a9b1556441159cd8ee15939', 'no', '353323066493874', 0, '2015-06-20 05:55:01', '0000-00-00 00:00:00'),
(188, 'pooja', 'rana29adi@gmail.com', '9cbb6aebcf5ae14a9248b4c08165212e', 'no', '353323066493874', 0, '2015-06-20 06:24:44', '0000-00-00 00:00:00'),
(189, 'Pooja', 'vineytester139@yahoo.com', 'c1f3991cc2f8d57d7edce853d21bf9bf', 'no', '1234', 0, '2015-06-22 06:22:57', '0000-00-00 00:00:00'),
(190, 'Harinder', 'harwinder139@yahoo.com', 'b8c39af7585615c4cef72d1b299a14ed', 'no', '1234', 0, '2015-06-22 08:23:59', '0000-00-00 00:00:00'),
(191, 'Testers', 'qa@deftsoft.info', '6f1b1862e10e366e6f513d3f2bc98cf4', 'no', '1234', 0, '2015-06-22 10:38:09', '0000-00-00 00:00:00'),
(192, 'tester1', 'deft.testing123@gmail.com', '049a1899380e1d8f846ae6758ba54658', 'no', '1234', 0, '2015-06-22 09:11:24', '0000-00-00 00:00:00'),
(193, 'testteam', 'arshpreet138@hotmail.com', '098f6bcd4621d373cade4e832627b4f6', 'no', '353326061475531', 0, '2015-06-22 08:40:49', '0000-00-00 00:00:00'),
(194, 'Silk Rule', 'as4468305@gmail.com', '202cb962ac59075b964b07152d234b70', 'yes', '1234', 0, '2015-06-22 08:56:47', '0000-00-00 00:00:00'),
(195, 'Test', 'test@test.co.in', '098f6bcd4621d373cade4e832627b4f6', 'no', '1234', 0, '2015-06-22 09:41:15', '0000-00-00 00:00:00'),
(196, 'test', 'tester139@yahoo.com', '098f6bcd4621d373cade4e832627b4f6', 'no', '353326061475531', 0, '2015-06-22 09:42:17', '0000-00-00 00:00:00'),
(197, 'tanu2', 'tanujashirwastawa1234567890@gmail.com', '5a105e8b9d40e1329780d62ea2265d8a', 'no', '353326061475531', 0, '2015-06-22 10:13:03', '0000-00-00 00:00:00'),
(198, 'joe2', 'joelara139@gmail.com', 'a096102b33b00ef372626fc3dff73ade', 'no', '353326061475531', 0, '2015-06-22 10:21:41', '0000-00-00 00:00:00'),
(199, 'Hello', 'hello@gmail.com', '202cb962ac59075b964b07152d234b70', 'no', '1234', 0, '2015-06-22 12:54:32', '0000-00-00 00:00:00'),
(200, 'priya', 'priya@gmail.com', '099b3b060154898840f0ebdfb46ec78f', 'no', '359792056128019', 0, '2015-06-23 06:41:17', '0000-00-00 00:00:00'),
(201, 'Akmal', 'almal@gmail.com', '202cb962ac59075b964b07152d234b70', 'no', '1234', 0, '2015-06-23 14:22:50', '0000-00-00 00:00:00'),
(202, 'abc', 'abc@yahoo.com', 'b2ca678b4c936f905fb82f2733f5297f', 'no', '353323066493874', 0, '2015-06-24 06:19:09', '0000-00-00 00:00:00'),
(203, 'sn', 'sn@gmail.com', 'b2ca678b4c936f905fb82f2733f5297f', 'no', '353323066493874', 0, '2015-06-24 06:27:22', '0000-00-00 00:00:00'),
(204, 'gg', 'nanu@gmail.com', '099b3b060154898840f0ebdfb46ec78f', 'no', '353326061475531', 0, '2015-06-24 08:43:51', '0000-00-00 00:00:00'),
(205, 'chh', 'yghh@gmail.com', '099b3b060154898840f0ebdfb46ec78f', 'no', '353326061475531', 0, '2015-06-24 07:35:58', '0000-00-00 00:00:00'),
(206, 'kk', 'kki@gmail.com', '6512bd43d9caa6e02c990b0a82652dca', 'no', '359792056128019', 0, '2015-06-24 07:52:14', '0000-00-00 00:00:00'),
(207, 'gg', 'ggh@gmail.com', 'c813fa137e8a9ae7fb63fdfebb472869', 'no', '353326061475531', 0, '2015-06-24 09:44:17', '0000-00-00 00:00:00');

-- --------------------------------------------------------

--
-- Table structure for table `user_histories`
--

CREATE TABLE IF NOT EXISTS `user_histories` (
  `id` int(11) NOT NULL AUTO_INCREMENT,
  `meetingcode` varchar(200) NOT NULL,
  `user_id` int(11) NOT NULL,
  `date_added` timestamp NOT NULL DEFAULT CURRENT_TIMESTAMP ON UPDATE CURRENT_TIMESTAMP,
  PRIMARY KEY (`id`)
) ENGINE=InnoDB  DEFAULT CHARSET=latin1 AUTO_INCREMENT=915 ;

--
-- Dumping data for table `user_histories`
--

INSERT INTO `user_histories` (`id`, `meetingcode`, `user_id`, `date_added`) VALUES
(2, '123456', 106, '2015-06-09 12:11:52'),
(3, '123456', 12, '2015-06-09 12:20:16'),
(4, '987654', 97, '2015-06-09 12:41:48'),
(5, '987654', 97, '2015-06-09 12:26:59'),
(6, '123', 97, '2015-06-09 12:28:00'),
(7, '123', 103, '2015-06-09 12:28:19'),
(8, '987654', 103, '2015-06-09 12:28:29'),
(9, '123456', 103, '2015-06-09 12:28:39'),
(10, '123', 10, '2015-06-09 12:29:57'),
(11, '123456', 12, '2015-06-09 13:44:05'),
(12, '123456', 12, '2015-06-09 13:48:00'),
(13, '123', 12, '2015-06-09 13:49:56'),
(14, '123', 103, '2015-06-09 13:50:36'),
(15, '987654', 103, '2015-06-09 13:51:02'),
(16, '123456', 103, '2015-06-09 13:56:28'),
(17, '123456', 12, '2015-06-09 13:58:03'),
(18, '123456', 107, '2015-06-09 13:58:10'),
(19, '123456', 107, '2015-06-09 14:01:27'),
(20, '123456', 107, '2015-06-09 14:02:17'),
(21, '123456', 104, '2015-06-09 15:11:23'),
(22, '123456', 12, '2015-06-09 15:15:47'),
(23, '123456', 12, '2015-06-09 15:16:06'),
(24, '123456', 104, '2015-06-09 15:21:43'),
(25, '123456', 104, '2015-06-09 15:24:28'),
(26, '123456', 104, '2015-06-09 15:25:08'),
(27, '123456', 104, '2015-06-09 15:27:27'),
(28, '123456', 104, '2015-06-10 05:45:56'),
(29, '123456', 104, '2015-06-10 05:49:24'),
(30, '123456', 104, '2015-06-10 05:53:33'),
(31, '123456', 104, '2015-06-10 05:54:51'),
(32, '123456', 104, '2015-06-10 05:56:12'),
(33, '123456', 104, '2015-06-10 06:01:05'),
(34, '123456', 104, '2015-06-10 06:03:00'),
(35, '123456', 104, '2015-06-10 06:04:39'),
(36, '123456', 104, '2015-06-10 06:10:53'),
(37, '123456', 104, '2015-06-10 06:12:23'),
(38, '123456', 104, '2015-06-10 06:24:37'),
(39, '123456', 109, '2015-06-10 07:53:34'),
(40, '123456', 109, '2015-06-10 07:55:03'),
(41, '123456', 109, '2015-06-10 07:55:28'),
(42, '123456', 109, '2015-06-10 07:58:49'),
(43, '123456', 109, '2015-06-10 08:48:52'),
(44, '123456', 109, '2015-06-10 08:55:37'),
(45, '123456', 104, '2015-06-10 09:09:29'),
(46, '123456', 104, '2015-06-10 09:10:03'),
(47, '123456', 104, '2015-06-10 09:31:23'),
(48, '123456', 104, '2015-06-10 09:46:28'),
(49, '123', 104, '2015-06-10 09:50:34'),
(50, '123', 104, '2015-06-10 09:51:14'),
(51, '123', 104, '2015-06-10 09:52:45'),
(52, '123456', 104, '2015-06-10 09:53:48'),
(53, '123', 104, '2015-06-10 09:55:34'),
(54, '123456', 84, '2015-06-10 09:55:55'),
(55, '123', 104, '2015-06-10 09:55:57'),
(56, '123456', 104, '2015-06-10 09:57:58'),
(57, '123', 104, '2015-06-10 10:01:28'),
(58, '123', 104, '2015-06-10 10:04:41'),
(59, '123456', 104, '2015-06-10 10:05:42'),
(60, '123', 104, '2015-06-10 10:06:45'),
(61, '123', 104, '2015-06-10 10:07:27'),
(62, '123', 104, '2015-06-10 10:07:35'),
(63, '123', 104, '2015-06-10 10:08:03'),
(64, '123456', 104, '2015-06-10 10:08:15'),
(65, '123', 104, '2015-06-10 10:22:55'),
(66, '123', 104, '2015-06-10 10:23:24'),
(67, '123', 104, '2015-06-10 10:24:00'),
(68, '123456', 104, '2015-06-10 10:24:20'),
(69, '123', 104, '2015-06-10 10:49:53'),
(70, '123456', 104, '2015-06-10 10:50:12'),
(71, '123456', 104, '2015-06-10 12:19:43'),
(72, '123', 111, '2015-06-10 13:48:39'),
(73, '123', 111, '2015-06-10 13:55:09'),
(74, '123', 111, '2015-06-10 13:56:32'),
(75, '123', 111, '2015-06-10 13:59:48'),
(76, '123', 111, '2015-06-10 14:00:07'),
(77, '123', 111, '2015-06-10 14:02:06'),
(78, '123', 111, '2015-06-10 14:03:20'),
(79, '123', 111, '2015-06-10 14:05:17'),
(80, '123', 111, '2015-06-10 14:09:55'),
(81, '123', 111, '2015-06-10 14:11:13'),
(82, '123', 111, '2015-06-10 14:11:50'),
(83, '123', 111, '2015-06-10 14:13:43'),
(84, '123', 111, '2015-06-10 14:18:40'),
(85, '123456', 111, '2015-06-10 14:19:09'),
(86, '123456', 111, '2015-06-10 14:21:28'),
(87, '123456', 111, '2015-06-10 14:24:04'),
(88, '123', 111, '2015-06-10 14:27:56'),
(89, '123456', 111, '2015-06-10 14:28:08'),
(90, '123456', 111, '2015-06-10 14:42:56'),
(91, '123456', 111, '2015-06-10 14:44:24'),
(92, '123456', 111, '2015-06-10 14:46:50'),
(93, '123456', 111, '2015-06-10 14:48:54'),
(94, '123456', 104, '2015-06-11 05:58:48'),
(95, '123456', 84, '2015-06-11 07:18:25'),
(96, '123456', 84, '2015-06-11 07:20:45'),
(97, '123456', 84, '2015-06-11 07:23:35'),
(98, '123456', 84, '2015-06-11 07:24:36'),
(99, '123456', 84, '2015-06-11 07:25:31'),
(100, '123456', 84, '2015-06-11 07:26:21'),
(101, '123456', 12, '2015-06-11 07:31:37'),
(102, '123456', 111, '2015-06-11 07:48:39'),
(103, '123456', 111, '2015-06-11 07:49:25'),
(104, '123', 104, '2015-06-11 08:12:41'),
(105, '123', 104, '2015-06-11 08:12:58'),
(106, '123456', 104, '2015-06-11 08:18:34'),
(107, '123456', 114, '2015-06-11 08:21:58'),
(108, '123456', 104, '2015-06-11 08:23:16'),
(109, '123456', 111, '2015-06-11 10:39:33'),
(110, '123456', 111, '2015-06-11 10:49:34'),
(111, '123456', 111, '2015-06-11 10:52:46'),
(112, '123456', 111, '2015-06-11 11:06:17'),
(113, '123456', 111, '2015-06-11 11:09:17'),
(114, '123456', 111, '2015-06-11 11:10:13'),
(115, '123456', 111, '2015-06-11 11:10:34'),
(116, '123456', 111, '2015-06-11 12:07:30'),
(117, '123456', 111, '2015-06-11 12:10:40'),
(118, '123456', 111, '2015-06-11 12:23:38'),
(119, '123456', 111, '2015-06-11 12:25:22'),
(120, '123456', 111, '2015-06-11 12:27:23'),
(121, '123456', 111, '2015-06-11 12:28:05'),
(122, '123456', 111, '2015-06-11 12:31:31'),
(123, '123456', 111, '2015-06-11 12:39:43'),
(124, '123456', 104, '2015-06-12 06:09:42'),
(125, '123456', 104, '2015-06-12 06:15:04'),
(126, '123456', 104, '2015-06-12 06:18:09'),
(127, '123', 104, '2015-06-12 06:34:33'),
(128, '123456', 104, '2015-06-12 06:34:46'),
(129, '123', 115, '2015-06-12 06:44:59'),
(130, '123456', 115, '2015-06-12 06:45:06'),
(131, '123456', 111, '2015-06-12 07:14:08'),
(132, '123456', 111, '2015-06-12 07:17:31'),
(133, '123456', 111, '2015-06-12 07:20:18'),
(134, '123456', 104, '2015-06-12 07:20:18'),
(135, '123', 111, '2015-06-12 08:08:37'),
(136, '123456', 111, '2015-06-12 08:09:08'),
(137, '123', 119, '2015-06-12 08:14:57'),
(138, '123456', 119, '2015-06-12 08:15:09'),
(139, '123456', 104, '2015-06-12 08:30:55'),
(140, '123456', 104, '2015-06-12 09:11:19'),
(141, '123456', 104, '2015-06-12 09:11:38'),
(142, '123456', 104, '2015-06-12 09:12:39'),
(143, '123456', 119, '2015-06-12 10:28:01'),
(144, '123456', 104, '2015-06-12 11:22:14'),
(145, '123456', 111, '2015-06-12 11:34:31'),
(146, '123456', 111, '2015-06-12 11:42:27'),
(147, '123456', 111, '2015-06-12 11:44:13'),
(148, '123456', 104, '2015-06-12 11:46:20'),
(149, '123456', 104, '2015-06-12 11:47:33'),
(150, '123456', 104, '2015-06-12 11:48:40'),
(151, '123456', 104, '2015-06-12 11:49:44'),
(152, '123456', 104, '2015-06-12 11:51:50'),
(153, '123456', 104, '2015-06-12 11:53:12'),
(154, '123456', 104, '2015-06-12 11:54:44'),
(155, '123456', 104, '2015-06-12 11:55:50'),
(156, '123456', 104, '2015-06-12 11:56:48'),
(157, '123456', 104, '2015-06-12 11:57:58'),
(158, '123456', 104, '2015-06-12 11:58:26'),
(159, '123456', 104, '2015-06-12 11:59:09'),
(160, '123456', 104, '2015-06-12 11:59:46'),
(161, '123456', 104, '2015-06-12 12:00:19'),
(162, '123456', 104, '2015-06-12 12:00:47'),
(163, '123456', 104, '2015-06-12 12:01:15'),
(164, '123456', 104, '2015-06-12 12:01:43'),
(165, '123456', 104, '2015-06-12 12:02:10'),
(166, '123456', 111, '2015-06-12 12:03:44'),
(167, '123456', 104, '2015-06-12 12:03:53'),
(168, '123456', 111, '2015-06-12 12:05:12'),
(169, '123456', 104, '2015-06-12 12:05:46'),
(170, '123456', 104, '2015-06-12 12:06:03'),
(171, '123456', 111, '2015-06-12 12:06:23'),
(172, '123456', 104, '2015-06-12 12:06:52'),
(173, '123456', 104, '2015-06-12 12:07:20'),
(174, '123456', 111, '2015-06-12 12:07:33'),
(175, '123456', 111, '2015-06-12 12:08:02'),
(176, '123456', 111, '2015-06-12 12:08:08'),
(177, '123456', 111, '2015-06-12 12:08:16'),
(178, '123456', 111, '2015-06-12 12:08:28'),
(179, '123456', 111, '2015-06-12 12:08:32'),
(180, '123456', 111, '2015-06-12 12:08:41'),
(181, '123456', 111, '2015-06-12 12:08:48'),
(182, '123456', 111, '2015-06-12 12:08:58'),
(183, '123456', 111, '2015-06-12 12:09:27'),
(184, '123456', 104, '2015-06-12 12:16:42'),
(185, '123456', 104, '2015-06-12 12:17:32'),
(186, '123456', 104, '2015-06-12 12:17:51'),
(187, '123456', 104, '2015-06-12 12:18:22'),
(188, '123456', 104, '2015-06-12 12:18:55'),
(189, '123456', 104, '2015-06-12 12:28:51'),
(190, '123456', 104, '2015-06-12 13:17:25'),
(191, '123456', 104, '2015-06-12 13:17:55'),
(192, '123456', 104, '2015-06-12 13:18:06'),
(193, '123456', 104, '2015-06-12 13:18:57'),
(194, '123456', 104, '2015-06-12 13:19:07'),
(195, '123456', 104, '2015-06-12 13:21:22'),
(196, '123456', 104, '2015-06-12 13:21:44'),
(197, '123456', 104, '2015-06-12 13:21:56'),
(198, '123456', 104, '2015-06-12 13:22:12'),
(199, '123456', 104, '2015-06-12 13:23:48'),
(200, '123456', 104, '2015-06-12 13:25:15'),
(201, '123456', 104, '2015-06-12 13:41:56'),
(202, '123456', 104, '2015-06-12 13:42:50'),
(203, '123456', 104, '2015-06-12 13:43:59'),
(204, '123456', 104, '2015-06-12 13:44:25'),
(205, '123456', 104, '2015-06-12 13:48:21'),
(206, '123456', 104, '2015-06-12 13:49:15'),
(207, '123456', 104, '2015-06-12 13:57:07'),
(208, '123456', 104, '2015-06-12 13:57:19'),
(209, '123456', 104, '2015-06-12 13:57:34'),
(210, '123456', 104, '2015-06-12 13:58:35'),
(211, '123456', 104, '2015-06-12 13:58:50'),
(212, '123456', 104, '2015-06-12 13:59:48'),
(213, '123456', 104, '2015-06-12 14:06:43'),
(214, '123456', 104, '2015-06-12 14:08:02'),
(215, '123456', 104, '2015-06-12 14:08:39'),
(216, '123456', 122, '2015-06-12 14:14:24'),
(217, '123456', 104, '2015-06-12 14:27:34'),
(218, '123456', 104, '2015-06-12 14:28:49'),
(219, '123456', 123, '2015-06-12 14:56:56'),
(220, '123456', 123, '2015-06-12 14:57:38'),
(221, '123', 127, '2015-06-12 15:51:56'),
(222, '123456', 128, '2015-06-12 15:52:31'),
(223, '123', 128, '2015-06-12 15:53:54'),
(224, '123', 128, '2015-06-12 15:56:55'),
(225, '123', 104, '2015-06-12 16:01:22'),
(226, '123', 104, '2015-06-12 16:09:00'),
(227, '123', 104, '2015-06-12 16:09:05'),
(228, '123456', 104, '2015-06-12 16:09:10'),
(229, '123456', 104, '2015-06-12 16:17:39'),
(230, '123', 129, '2015-06-13 02:09:32'),
(231, '123', 131, '2015-06-13 05:58:30'),
(232, '123456', 131, '2015-06-13 05:59:35'),
(233, '123456', 132, '2015-06-13 06:18:46'),
(234, '123456', 132, '2015-06-13 06:18:53'),
(235, '123', 132, '2015-06-13 06:19:48'),
(236, '123456', 132, '2015-06-13 06:50:37'),
(237, '123456', 132, '2015-06-13 06:54:45'),
(238, '123456', 132, '2015-06-13 06:58:47'),
(239, '123456', 131, '2015-06-13 07:03:17'),
(240, '123456', 131, '2015-06-13 07:06:26'),
(241, '123456', 131, '2015-06-13 07:07:58'),
(242, '123456', 131, '2015-06-13 07:11:49'),
(243, '123456', 111, '2015-06-15 06:29:17'),
(244, '123456', 135, '2015-06-15 06:38:00'),
(245, '123456', 104, '2015-06-15 06:42:20'),
(246, '123456', 104, '2015-06-15 06:43:40'),
(247, '123456', 104, '2015-06-15 07:13:49'),
(248, '123456', 104, '2015-06-15 07:24:36'),
(249, '123456', 104, '2015-06-15 07:29:59'),
(250, '123456', 111, '2015-06-15 08:24:24'),
(251, '123456', 111, '2015-06-15 08:27:45'),
(252, '123456', 111, '2015-06-15 08:29:48'),
(253, '123456', 111, '2015-06-15 08:31:14'),
(254, '123', 104, '2015-06-15 08:31:47'),
(255, '123456', 104, '2015-06-15 08:31:54'),
(256, '123456', 104, '2015-06-15 08:34:35'),
(257, '123456', 104, '2015-06-15 08:37:05'),
(258, '123456', 104, '2015-06-15 08:37:59'),
(259, '123456', 104, '2015-06-15 08:39:36'),
(260, '123456', 104, '2015-06-15 08:40:07'),
(261, '123456', 104, '2015-06-15 08:41:50'),
(262, '123456', 104, '2015-06-15 08:43:25'),
(263, '123', 104, '2015-06-15 08:54:19'),
(264, '123456', 104, '2015-06-15 08:54:27'),
(265, '123456', 104, '2015-06-15 09:16:00'),
(266, '123456', 104, '2015-06-15 09:20:46'),
(267, '123456', 104, '2015-06-15 09:23:39'),
(268, '123456', 104, '2015-06-15 09:25:15'),
(269, '123456', 104, '2015-06-15 09:28:46'),
(270, '123456', 104, '2015-06-15 09:30:35'),
(271, '123', 104, '2015-06-15 09:34:32'),
(272, '123456', 104, '2015-06-15 09:34:39'),
(273, '123456', 104, '2015-06-15 09:38:24'),
(274, '123456', 104, '2015-06-15 09:40:35'),
(275, '123456', 104, '2015-06-15 09:50:05'),
(276, '123456', 104, '2015-06-15 09:52:13'),
(277, '123456', 104, '2015-06-15 09:52:44'),
(278, '123456', 104, '2015-06-15 10:11:14'),
(279, '123456', 104, '2015-06-15 10:12:20'),
(280, '123456', 12, '2015-06-15 10:13:17'),
(281, '123456', 12, '2015-06-15 10:23:30'),
(282, '123456', 103, '2015-06-15 10:23:40'),
(283, '123456', 104, '2015-06-15 10:25:09'),
(284, '123', 104, '2015-06-15 10:45:42'),
(285, '123456', 104, '2015-06-15 10:45:48'),
(286, '123456', 12, '2015-06-15 10:46:23'),
(287, '123456', 12, '2015-06-15 10:46:42'),
(288, '123456', 104, '2015-06-15 10:51:39'),
(289, '123456', 104, '2015-06-15 10:53:10'),
(290, '123456', 104, '2015-06-15 10:55:02'),
(291, '123456', 12, '2015-06-15 11:11:26'),
(292, '123456', 104, '2015-06-15 11:11:42'),
(293, '123456', 104, '2015-06-15 11:12:49'),
(294, '123456', 104, '2015-06-15 11:13:15'),
(295, '123456', 104, '2015-06-15 11:13:55'),
(296, '123456', 104, '2015-06-15 11:14:35'),
(297, '123456', 104, '2015-06-15 11:14:47'),
(298, '123456', 104, '2015-06-15 11:15:51'),
(299, '123456', 104, '2015-06-15 11:16:53'),
(300, '123456', 104, '2015-06-15 11:17:10'),
(301, '123456', 104, '2015-06-15 11:17:23'),
(302, '123456', 104, '2015-06-15 11:19:25'),
(303, '123456', 104, '2015-06-15 11:20:19'),
(304, '123456', 104, '2015-06-15 11:23:01'),
(305, '123456', 104, '2015-06-15 11:27:06'),
(306, '123456', 104, '2015-06-15 11:27:23'),
(307, '123456', 104, '2015-06-15 11:30:03'),
(308, '123456', 104, '2015-06-15 11:30:49'),
(309, '123456', 104, '2015-06-15 11:31:41'),
(310, '123456', 104, '2015-06-15 11:32:24'),
(311, '123456', 104, '2015-06-15 12:00:34'),
(312, '123456', 104, '2015-06-15 12:01:59'),
(313, '123456', 104, '2015-06-15 12:04:02'),
(314, '123456', 104, '2015-06-15 12:06:49'),
(315, '123456', 104, '2015-06-15 12:07:38'),
(316, '123456', 104, '2015-06-15 12:08:38'),
(317, '123456', 104, '2015-06-15 12:09:45'),
(318, '123456', 111, '2015-06-15 12:10:08'),
(319, '123456', 104, '2015-06-15 12:10:52'),
(320, '123456', 104, '2015-06-15 12:11:58'),
(321, '123456', 104, '2015-06-15 12:12:54'),
(322, '123456', 104, '2015-06-15 12:13:42'),
(323, '123456', 104, '2015-06-15 12:15:38'),
(324, '123456', 104, '2015-06-15 12:16:13'),
(325, '123456', 104, '2015-06-15 12:17:09'),
(326, '123456', 104, '2015-06-15 12:17:39'),
(327, '123456', 104, '2015-06-15 12:18:48'),
(328, '123456', 104, '2015-06-15 12:19:16'),
(329, '123456', 104, '2015-06-15 12:22:05'),
(330, '123456', 104, '2015-06-15 12:26:51'),
(331, '123456', 104, '2015-06-15 12:29:12'),
(332, '123456', 104, '2015-06-15 12:30:36'),
(333, '123456', 104, '2015-06-15 12:33:13'),
(334, '123456', 104, '2015-06-15 12:33:57'),
(335, '123456', 104, '2015-06-15 12:37:10'),
(336, '123456', 104, '2015-06-15 12:38:49'),
(337, '123456', 104, '2015-06-15 12:39:54'),
(338, '123456', 141, '2015-06-15 12:47:23'),
(339, '123456', 141, '2015-06-15 12:48:48'),
(340, '123456', 141, '2015-06-15 12:50:55'),
(341, '123456', 104, '2015-06-15 13:16:26'),
(342, '123456', 104, '2015-06-15 13:17:24'),
(343, '123456', 104, '2015-06-15 13:18:33'),
(344, '123456', 104, '2015-06-15 13:22:34'),
(345, '123456', 104, '2015-06-15 13:23:03'),
(346, '123456', 104, '2015-06-15 13:23:24'),
(347, '123456', 104, '2015-06-15 13:26:11'),
(348, '123456', 104, '2015-06-15 13:27:51'),
(349, '123', 104, '2015-06-15 13:53:59'),
(350, '987654', 104, '2015-06-15 13:56:47'),
(351, '987654', 104, '2015-06-15 13:58:07'),
(352, '123456', 104, '2015-06-15 13:59:27'),
(353, '123456', 104, '2015-06-15 14:09:53'),
(354, '123456', 104, '2015-06-15 14:21:53'),
(355, '123456', 12, '2015-06-15 14:50:39'),
(356, '987654', 13, '2015-06-15 14:50:52'),
(357, '123456', 12, '2015-06-15 14:55:02'),
(358, '123456', 121, '2015-06-15 15:06:58'),
(359, '123456', 12, '2015-06-15 15:09:08'),
(360, '123456', 12, '2015-06-15 15:56:00'),
(361, '123456', 111, '2015-06-16 06:21:15'),
(362, '123456', 104, '2015-06-16 06:46:37'),
(363, '123456', 104, '2015-06-16 06:51:29'),
(364, '123456', 104, '2015-06-16 06:59:19'),
(365, '123456', 104, '2015-06-16 07:11:48'),
(366, '123456', 104, '2015-06-16 07:14:55'),
(367, '123456', 104, '2015-06-16 07:15:45'),
(368, '123456', 104, '2015-06-16 07:17:05'),
(369, '123456', 104, '2015-06-16 07:17:46'),
(370, '123456', 104, '2015-06-16 07:18:33'),
(371, '123456', 104, '2015-06-16 07:20:12'),
(372, '123456', 104, '2015-06-16 07:21:26'),
(373, '123456', 104, '2015-06-16 07:23:12'),
(374, '123456', 104, '2015-06-16 07:24:34'),
(375, '123456', 104, '2015-06-16 07:25:15'),
(376, '123456', 104, '2015-06-16 07:25:44'),
(377, '123456', 104, '2015-06-16 07:26:32'),
(378, '123456', 104, '2015-06-16 07:27:22'),
(379, '123456', 104, '2015-06-16 07:27:53'),
(380, '123456', 104, '2015-06-16 07:29:02'),
(381, '123456', 104, '2015-06-16 07:29:34'),
(382, '123456', 104, '2015-06-16 07:31:06'),
(383, '123456', 104, '2015-06-16 07:32:49'),
(384, '123456', 104, '2015-06-16 07:33:19'),
(385, '123456', 104, '2015-06-16 07:34:09'),
(386, '123456', 104, '2015-06-16 07:35:45'),
(387, '123456', 104, '2015-06-16 07:36:17'),
(388, '123456', 104, '2015-06-16 07:37:02'),
(389, '123456', 104, '2015-06-16 07:47:12'),
(390, '123456', 104, '2015-06-16 07:48:06'),
(391, '123456', 104, '2015-06-16 07:49:24'),
(392, '123456', 104, '2015-06-16 07:50:03'),
(393, '123456', 104, '2015-06-16 07:50:47'),
(394, '123456', 104, '2015-06-16 07:51:36'),
(395, '123456', 104, '2015-06-16 07:51:53'),
(396, '123456', 104, '2015-06-16 07:52:24'),
(397, '123456', 104, '2015-06-16 07:53:01'),
(398, '123456', 104, '2015-06-16 07:53:29'),
(399, '123456', 104, '2015-06-16 07:54:07'),
(400, '123456', 104, '2015-06-16 07:54:34'),
(401, '123456', 104, '2015-06-16 07:54:56'),
(402, '123456', 104, '2015-06-16 07:55:33'),
(403, '123456', 104, '2015-06-16 07:55:56'),
(404, '123456', 104, '2015-06-16 07:56:34'),
(405, '123456', 104, '2015-06-16 07:57:12'),
(406, '123456', 104, '2015-06-16 07:57:44'),
(407, '123456', 104, '2015-06-16 07:58:19'),
(408, '123456', 104, '2015-06-16 07:58:57'),
(409, '123456', 104, '2015-06-16 07:59:40'),
(410, '123456', 104, '2015-06-16 08:00:03'),
(411, '123456', 104, '2015-06-16 08:00:40'),
(412, '123456', 104, '2015-06-16 08:01:28'),
(413, '123456', 104, '2015-06-16 08:03:35'),
(414, '123456', 104, '2015-06-16 08:03:56'),
(415, '123456', 104, '2015-06-16 08:04:20'),
(416, '123456', 104, '2015-06-16 08:04:48'),
(417, '123456', 104, '2015-06-16 08:06:11'),
(418, '123456', 144, '2015-06-16 08:17:30'),
(419, '123456', 104, '2015-06-16 08:32:00'),
(420, '123456', 104, '2015-06-16 08:33:39'),
(421, '123456', 12, '2015-06-16 09:35:49'),
(422, '123456', 12, '2015-06-16 09:35:59'),
(423, '123456', 104, '2015-06-16 10:43:37'),
(424, '123456', 104, '2015-06-16 10:50:53'),
(425, '123456', 104, '2015-06-16 10:52:38'),
(426, '123456', 111, '2015-06-16 10:52:56'),
(427, '123456', 111, '2015-06-16 11:03:31'),
(428, '123456', 150, '2015-06-16 11:08:20'),
(429, '123456', 111, '2015-06-16 11:09:22'),
(430, '123', 111, '2015-06-16 11:10:35'),
(431, '123456', 150, '2015-06-16 11:14:04'),
(432, '123', 111, '2015-06-16 11:20:40'),
(433, '123456', 111, '2015-06-16 11:21:16'),
(434, '123', 111, '2015-06-16 11:21:56'),
(435, '123456', 150, '2015-06-16 11:23:53'),
(436, '123456', 150, '2015-06-16 11:27:39'),
(437, '123456', 12, '2015-06-16 11:34:52'),
(438, '123456', 12, '2015-06-16 11:34:58'),
(439, '123456', 111, '2015-06-16 11:39:49'),
(440, '123456', 104, '2015-06-16 11:48:14'),
(441, '123456', 111, '2015-06-16 11:50:18'),
(442, '123456', 104, '2015-06-16 12:04:22'),
(443, '123456', 104, '2015-06-16 12:05:07'),
(444, '123456', 104, '2015-06-16 12:05:46'),
(445, '123456', 104, '2015-06-16 12:06:25'),
(446, '123456', 104, '2015-06-16 12:06:59'),
(447, '123456', 104, '2015-06-16 12:07:51'),
(448, '123456', 104, '2015-06-16 12:09:45'),
(449, '123456', 104, '2015-06-16 12:10:06'),
(450, '123456', 104, '2015-06-16 12:10:41'),
(451, '123456', 104, '2015-06-16 12:13:14'),
(452, '123456', 104, '2015-06-16 12:18:26'),
(453, '123456', 104, '2015-06-16 12:25:48'),
(454, '123456', 156, '2015-06-16 12:48:01'),
(455, '123456', 156, '2015-06-16 12:50:43'),
(456, '123456', 156, '2015-06-16 12:54:09'),
(457, '123456', 156, '2015-06-16 12:56:48'),
(458, '123456', 156, '2015-06-16 13:19:28'),
(459, '123', 156, '2015-06-16 13:21:59'),
(460, '123456', 156, '2015-06-16 13:22:05'),
(461, '123456', 156, '2015-06-16 13:25:21'),
(462, '123456', 156, '2015-06-16 13:26:03'),
(463, '123456', 111, '2015-06-16 13:54:57'),
(464, '123456', 111, '2015-06-16 13:56:19'),
(465, '123456', 156, '2015-06-16 14:12:48'),
(466, '123456', 156, '2015-06-16 14:15:42'),
(467, '123456', 156, '2015-06-16 14:17:05'),
(468, '123456', 156, '2015-06-16 14:19:47'),
(469, '123456', 156, '2015-06-16 14:22:29'),
(470, '123456', 156, '2015-06-16 14:23:36'),
(471, '123456', 156, '2015-06-16 14:24:35'),
(472, '123456', 156, '2015-06-16 14:26:45'),
(473, '123456', 156, '2015-06-16 14:27:57'),
(474, '123456', 156, '2015-06-16 14:28:42'),
(475, '123456', 156, '2015-06-16 14:29:54'),
(476, '123456', 156, '2015-06-16 14:30:27'),
(477, '123456', 156, '2015-06-16 14:31:06'),
(478, '123456', 156, '2015-06-16 14:31:46'),
(479, '123456', 156, '2015-06-16 14:32:42'),
(480, '123456', 156, '2015-06-16 14:33:15'),
(481, '123456', 156, '2015-06-16 14:34:00'),
(482, '123456', 156, '2015-06-16 14:34:58'),
(483, '123456', 156, '2015-06-16 14:36:11'),
(484, '123456', 156, '2015-06-16 14:37:19'),
(485, '123456', 156, '2015-06-16 14:38:05'),
(486, '123456', 156, '2015-06-16 14:38:55'),
(487, '123456', 156, '2015-06-16 14:42:33'),
(488, '123456', 156, '2015-06-16 14:45:32'),
(489, '123456', 156, '2015-06-16 14:46:36'),
(490, '123456', 156, '2015-06-16 14:50:52'),
(491, '123456', 156, '2015-06-16 14:52:26'),
(492, '123456', 156, '2015-06-16 14:52:59'),
(493, '123456', 156, '2015-06-16 14:53:45'),
(494, '123456', 156, '2015-06-16 15:36:34'),
(495, '123456', 156, '2015-06-16 15:44:04'),
(496, '123456', 156, '2015-06-16 15:47:37'),
(497, '123', 164, '2015-06-16 16:09:52'),
(498, '123456', 111, '2015-06-16 16:40:29'),
(499, '123456', 111, '2015-06-16 16:43:09'),
(500, '123', 165, '2015-06-16 17:07:18'),
(501, '123456', 111, '2015-06-17 05:13:33'),
(502, '123456', 111, '2015-06-17 05:22:00'),
(503, '123456', 111, '2015-06-17 05:25:54'),
(504, '123456', 111, '2015-06-17 05:32:51'),
(505, '123456', 111, '2015-06-17 05:36:23'),
(506, '123456', 111, '2015-06-17 05:37:59'),
(507, '123456', 111, '2015-06-17 05:46:47'),
(508, '123456', 111, '2015-06-17 05:55:03'),
(509, '123456', 111, '2015-06-17 05:57:45'),
(510, '123456', 111, '2015-06-17 06:00:16'),
(511, '123456', 111, '2015-06-17 06:03:13'),
(512, '123456', 111, '2015-06-17 06:04:31'),
(513, '123456', 111, '2015-06-17 06:07:32'),
(514, '123456', 111, '2015-06-17 06:10:51'),
(515, '123456', 111, '2015-06-17 06:34:09'),
(516, '123456', 156, '2015-06-17 08:00:27'),
(517, '123456', 111, '2015-06-17 08:12:00'),
(518, '123456', 111, '2015-06-17 08:42:36'),
(519, '123456', 111, '2015-06-17 08:43:34'),
(520, '123456', 156, '2015-06-17 08:44:02'),
(521, '123456', 156, '2015-06-17 08:45:01'),
(522, '123456', 111, '2015-06-17 08:48:04'),
(523, '123456', 156, '2015-06-17 09:06:41'),
(524, '123456', 156, '2015-06-17 09:11:28'),
(525, '123456', 156, '2015-06-17 09:11:56'),
(526, '123456', 111, '2015-06-17 09:21:08'),
(527, '123456', 156, '2015-06-17 10:54:23'),
(528, '123456', 111, '2015-06-17 10:57:30'),
(529, '123456', 156, '2015-06-17 10:59:12'),
(530, '123456', 119, '2015-06-17 11:08:22'),
(531, '123456', 119, '2015-06-17 11:09:56'),
(532, '123456', 119, '2015-06-17 11:13:05'),
(533, '123456', 156, '2015-06-17 11:18:54'),
(534, '123456', 119, '2015-06-17 11:23:56'),
(535, '123456', 12, '2015-06-17 11:26:06'),
(536, '123456', 167, '2015-06-17 11:29:52'),
(537, '123456', 156, '2015-06-17 11:31:29'),
(538, '123456', 156, '2015-06-17 11:33:20'),
(539, '123456', 156, '2015-06-17 11:35:48'),
(540, '123456', 156, '2015-06-17 11:45:10'),
(541, '123456', 156, '2015-06-17 11:47:01'),
(542, '123456', 167, '2015-06-17 11:52:57'),
(543, '123456', 156, '2015-06-17 11:55:20'),
(544, '123456', 156, '2015-06-17 11:57:38'),
(545, '123456', 156, '2015-06-17 11:58:07'),
(546, '123456', 156, '2015-06-17 12:00:00'),
(547, '123456', 156, '2015-06-17 12:00:42'),
(548, '123456', 156, '2015-06-17 12:01:18'),
(549, '123456', 156, '2015-06-17 12:02:03'),
(550, '123456', 156, '2015-06-17 12:02:48'),
(551, '123456', 111, '2015-06-17 12:14:44'),
(552, '123456', 111, '2015-06-17 12:28:10'),
(553, '123456', 111, '2015-06-17 12:38:52'),
(554, '123456', 111, '2015-06-17 12:43:47'),
(555, '123456', 111, '2015-06-17 12:46:31'),
(556, '123456', 111, '2015-06-17 12:48:16'),
(557, '123456', 111, '2015-06-17 12:50:30'),
(558, '123456', 111, '2015-06-17 12:55:03'),
(559, '123456', 111, '2015-06-17 12:56:29'),
(560, '123456', 111, '2015-06-17 12:57:53'),
(561, '123456', 111, '2015-06-17 12:59:50'),
(562, '123456', 169, '2015-06-17 13:01:31'),
(563, '123456', 169, '2015-06-17 13:07:25'),
(564, '123456', 170, '2015-06-17 13:26:28'),
(565, '123456', 170, '2015-06-17 13:27:48'),
(566, '123456', 156, '2015-06-17 13:31:38'),
(567, '123456', 111, '2015-06-17 14:08:46'),
(568, '123456', 171, '2015-06-17 14:24:14'),
(569, '123456', 111, '2015-06-17 14:26:06'),
(570, '123456', 171, '2015-06-17 14:42:22'),
(571, '123456', 111, '2015-06-17 14:43:16'),
(572, '123456', 171, '2015-06-17 14:43:18'),
(573, '123456', 171, '2015-06-17 14:47:16'),
(574, '123456', 171, '2015-06-17 14:49:07'),
(575, '123456', 171, '2015-06-17 14:51:04'),
(576, '123456', 171, '2015-06-17 14:52:12'),
(577, '123456', 111, '2015-06-17 14:52:38'),
(578, '123456', 171, '2015-06-17 14:53:26'),
(579, '123456', 171, '2015-06-17 14:53:55'),
(580, '123456', 171, '2015-06-17 14:54:22'),
(581, '123456', 171, '2015-06-17 14:54:44'),
(582, '123456', 171, '2015-06-17 14:55:19'),
(583, '123456', 171, '2015-06-17 14:55:58'),
(584, '123456', 171, '2015-06-17 14:56:19'),
(585, '123456', 171, '2015-06-17 14:58:35'),
(586, '123456', 171, '2015-06-17 14:59:19'),
(587, '123456', 171, '2015-06-17 15:00:32'),
(588, '123456', 171, '2015-06-17 15:00:56'),
(589, '123456', 171, '2015-06-17 15:01:17'),
(590, '123456', 171, '2015-06-17 15:01:58'),
(591, '123456', 171, '2015-06-17 15:02:30'),
(592, '123456', 173, '2015-06-17 15:13:10'),
(593, '123456', 111, '2015-06-17 15:14:35'),
(594, '123456', 111, '2015-06-17 15:23:43'),
(595, '123456', 111, '2015-06-17 15:24:47'),
(596, '123456', 111, '2015-06-17 15:25:14'),
(597, '123456', 111, '2015-06-17 15:26:22'),
(598, '123456', 111, '2015-06-17 15:58:35'),
(599, '123456', 175, '2015-06-18 05:48:25'),
(600, '123456', 175, '2015-06-18 05:49:27'),
(601, '123456', 175, '2015-06-18 05:50:33'),
(602, '123456', 175, '2015-06-18 05:50:39'),
(603, '123456', 175, '2015-06-18 05:51:53'),
(604, '123456', 175, '2015-06-18 05:52:00'),
(605, '123456', 175, '2015-06-18 05:52:32'),
(606, '123456', 175, '2015-06-18 05:52:47'),
(607, '123456', 175, '2015-06-18 05:52:51'),
(608, '123456', 175, '2015-06-18 05:53:59'),
(609, '123456', 175, '2015-06-18 05:54:03'),
(610, '123456', 175, '2015-06-18 05:54:10'),
(611, '123456', 175, '2015-06-18 05:56:21'),
(612, '123456', 175, '2015-06-18 05:56:32'),
(613, '123456', 175, '2015-06-18 05:57:21'),
(614, '123456', 175, '2015-06-18 05:57:44'),
(615, '123456', 175, '2015-06-18 05:58:13'),
(616, '123456', 175, '2015-06-18 06:00:13'),
(617, '123456', 175, '2015-06-18 06:05:24'),
(618, '123456', 156, '2015-06-18 06:05:47'),
(619, '123456', 175, '2015-06-18 06:10:43'),
(620, '123456', 175, '2015-06-18 06:28:38'),
(621, '123456', 175, '2015-06-18 07:08:40'),
(622, '123456', 175, '2015-06-18 07:20:02'),
(623, '123456', 175, '2015-06-18 07:22:32'),
(624, '123456', 175, '2015-06-18 07:23:38'),
(625, '123456', 175, '2015-06-18 07:24:36'),
(626, '123456', 175, '2015-06-18 07:27:14'),
(627, '123456', 166, '2015-06-18 08:44:39'),
(628, '123456', 156, '2015-06-18 09:41:44'),
(629, '123456', 156, '2015-06-18 09:43:54'),
(630, '123456', 156, '2015-06-18 10:09:21'),
(631, '123456', 156, '2015-06-18 10:17:45'),
(632, '123456', 175, '2015-06-18 10:29:48'),
(633, '123456', 156, '2015-06-18 10:35:05'),
(634, '123456', 166, '2015-06-18 11:26:58'),
(635, '123456', 173, '2015-06-18 12:00:32'),
(636, '123456', 176, '2015-06-18 12:24:06'),
(637, '123456', 176, '2015-06-18 12:24:37'),
(638, '123456', 176, '2015-06-18 12:24:57'),
(639, '123456', 176, '2015-06-18 12:33:10'),
(640, '123456', 176, '2015-06-18 12:33:49'),
(641, '123456', 176, '2015-06-18 12:48:59'),
(642, '123456', 12, '2015-06-18 12:49:43'),
(643, '123456', 176, '2015-06-18 12:50:19'),
(644, '123456', 176, '2015-06-18 12:58:35'),
(645, '123456', 175, '2015-06-18 13:06:11'),
(646, '123456', 175, '2015-06-18 13:06:59'),
(647, '123456', 175, '2015-06-18 13:08:59'),
(648, '123456', 175, '2015-06-18 13:10:35'),
(649, '123456', 175, '2015-06-18 13:13:20'),
(650, '123456', 12, '2015-06-18 13:17:47'),
(651, '123456', 156, '2015-06-18 13:35:49'),
(652, '123456', 156, '2015-06-18 14:09:50'),
(653, '123456', 156, '2015-06-18 14:10:16'),
(654, '123456', 156, '2015-06-18 14:10:26'),
(655, '123456', 156, '2015-06-18 14:25:32'),
(656, '123456', 156, '2015-06-18 14:27:51'),
(657, '123456', 156, '2015-06-18 14:29:19'),
(658, '123456', 156, '2015-06-18 14:38:04'),
(659, '123456', 156, '2015-06-18 14:46:14'),
(660, '123456', 156, '2015-06-18 14:47:41'),
(661, '123456', 156, '2015-06-18 15:11:20'),
(662, '123456', 156, '2015-06-18 15:17:49'),
(663, '123456', 173, '2015-06-18 15:22:46'),
(664, '123456', 180, '2015-06-18 15:44:34'),
(665, '123456', 180, '2015-06-18 15:45:30'),
(666, '123456', 180, '2015-06-18 15:46:01'),
(667, '123456', 180, '2015-06-18 15:48:45'),
(668, '123456', 180, '2015-06-18 15:53:43'),
(669, '123456', 181, '2015-06-18 16:11:26'),
(670, '123456', 182, '2015-06-18 16:11:32'),
(671, '123456', 180, '2015-06-18 16:23:44'),
(672, '123456', 180, '2015-06-18 16:26:56'),
(673, '123456', 181, '2015-06-18 16:43:34'),
(674, '123456', 156, '2015-06-18 17:04:36'),
(675, '123456', 175, '2015-06-19 05:11:11'),
(676, '123456', 175, '2015-06-19 05:14:22'),
(677, '123456', 175, '2015-06-19 05:15:40'),
(678, '123456', 175, '2015-06-19 06:18:48'),
(679, '123456', 175, '2015-06-19 06:28:43'),
(680, '123456', 175, '2015-06-19 06:29:34'),
(681, '123456', 175, '2015-06-19 06:33:51'),
(682, '123456', 175, '2015-06-19 06:34:41'),
(683, '123456', 175, '2015-06-19 06:38:10'),
(684, '123456', 175, '2015-06-19 06:39:06'),
(685, '123456', 175, '2015-06-19 06:39:48'),
(686, '123456', 175, '2015-06-19 06:40:11'),
(687, '123456', 175, '2015-06-19 06:40:46'),
(688, '123456', 175, '2015-06-19 06:43:26'),
(689, '123456', 175, '2015-06-19 06:56:58'),
(690, '123456', 175, '2015-06-19 06:59:40'),
(691, '123456', 175, '2015-06-19 07:00:41'),
(692, '123456', 156, '2015-06-19 07:43:56'),
(693, '123456', 156, '2015-06-19 07:52:13'),
(694, '123456', 156, '2015-06-19 07:53:30'),
(695, '123456', 156, '2015-06-19 07:53:44'),
(696, '123456', 156, '2015-06-19 07:56:33'),
(697, '123456', 156, '2015-06-19 07:56:50'),
(698, '123456', 156, '2015-06-19 07:57:13'),
(699, '123456', 156, '2015-06-19 08:06:47'),
(700, '123456', 156, '2015-06-19 08:07:43'),
(701, '123456', 156, '2015-06-19 08:20:48'),
(702, '123456', 156, '2015-06-19 08:58:23'),
(703, '123456', 156, '2015-06-19 08:59:36'),
(704, '123456', 175, '2015-06-19 09:30:34'),
(705, '123456', 175, '2015-06-19 09:34:26'),
(706, '123456', 175, '2015-06-19 09:35:04'),
(707, '123456', 175, '2015-06-19 09:36:23'),
(708, '123456', 175, '2015-06-19 09:37:05'),
(709, '123456', 175, '2015-06-19 09:38:07'),
(710, '123456', 175, '2015-06-19 09:40:46'),
(711, '123456', 175, '2015-06-19 09:41:59'),
(712, '123456', 175, '2015-06-19 09:48:53'),
(713, '123456', 175, '2015-06-19 09:49:40'),
(714, '123456', 175, '2015-06-19 09:55:27'),
(715, '123456', 175, '2015-06-19 09:58:06'),
(716, '123456', 175, '2015-06-19 09:58:45'),
(717, '123456', 175, '2015-06-19 09:59:28'),
(718, '123456', 175, '2015-06-19 10:01:51'),
(719, '123456', 175, '2015-06-19 10:03:06'),
(720, '123456', 175, '2015-06-19 10:03:42'),
(721, '123456', 175, '2015-06-19 10:04:43'),
(722, '123456', 175, '2015-06-19 10:05:21'),
(723, '123456', 175, '2015-06-19 10:05:55'),
(724, '123456', 175, '2015-06-19 10:06:55'),
(725, '123456', 175, '2015-06-19 10:08:02'),
(726, '123456', 175, '2015-06-19 10:09:11'),
(727, '123456', 175, '2015-06-19 10:09:42'),
(728, '123456', 175, '2015-06-19 10:10:30'),
(729, '123456', 175, '2015-06-19 10:11:19'),
(730, '123456', 175, '2015-06-19 10:12:00'),
(731, '123456', 175, '2015-06-19 10:14:31'),
(732, '123456', 175, '2015-06-19 10:17:34'),
(733, '123456', 175, '2015-06-19 10:18:08'),
(734, '123456', 175, '2015-06-19 10:18:38'),
(735, '123456', 175, '2015-06-19 10:19:18'),
(736, '123456', 175, '2015-06-19 10:20:18'),
(737, '123456', 175, '2015-06-19 10:20:48'),
(738, '123456', 175, '2015-06-19 10:21:32'),
(739, '123456', 175, '2015-06-19 10:22:22'),
(740, '123456', 175, '2015-06-19 10:22:51'),
(741, '123456', 175, '2015-06-19 10:26:02'),
(742, '123456', 175, '2015-06-19 10:27:05'),
(743, '123456', 175, '2015-06-19 10:27:45'),
(744, '123456', 175, '2015-06-19 10:28:45'),
(745, '123456', 175, '2015-06-19 10:29:07'),
(746, '123456', 175, '2015-06-19 10:29:28'),
(747, '123456', 175, '2015-06-19 10:30:07'),
(748, '123456', 175, '2015-06-19 10:30:28'),
(749, '123456', 175, '2015-06-19 10:47:09'),
(750, '123456', 156, '2015-06-19 11:31:45'),
(751, '123456', 156, '2015-06-19 11:37:25'),
(752, '123456', 156, '2015-06-19 11:37:50'),
(753, '123456', 156, '2015-06-19 11:52:57'),
(754, '123456', 156, '2015-06-19 11:53:26'),
(755, '123456', 156, '2015-06-19 12:00:59'),
(756, '123456', 181, '2015-06-19 12:01:55'),
(757, '123456', 156, '2015-06-19 14:25:08'),
(758, '123456', 156, '2015-06-19 14:25:26'),
(759, '123456', 156, '2015-06-19 14:32:00'),
(760, '123456', 156, '2015-06-19 14:35:31'),
(761, '123456', 180, '2015-06-19 14:36:20'),
(762, '123456', 180, '2015-06-19 14:42:41'),
(763, '123456', 180, '2015-06-19 14:49:21'),
(764, '123456', 180, '2015-06-19 14:49:40'),
(765, '123456', 180, '2015-06-19 14:50:00'),
(766, '123456', 180, '2015-06-19 14:50:11'),
(767, '123456', 180, '2015-06-19 14:50:43'),
(768, '123456', 175, '2015-06-19 14:52:15'),
(769, '123456', 175, '2015-06-19 14:54:09'),
(770, '123456', 175, '2015-06-19 14:56:00'),
(771, '123456', 175, '2015-06-19 14:56:53'),
(772, '123456', 175, '2015-06-19 14:58:02'),
(773, '123456', 175, '2015-06-19 14:59:16'),
(774, '123456', 175, '2015-06-19 15:00:04'),
(775, '123456', 175, '2015-06-19 15:07:34'),
(776, '123456', 175, '2015-06-19 15:08:05'),
(777, '123456', 180, '2015-06-19 15:12:07'),
(778, '123456', 180, '2015-06-19 15:13:00'),
(779, '123456', 172, '2015-06-19 15:28:30'),
(780, '123456', 175, '2015-06-19 15:31:36'),
(781, '123456', 172, '2015-06-19 15:33:17'),
(782, '123456', 183, '2015-06-19 15:44:07'),
(783, '123456', 175, '2015-06-22 06:27:25'),
(784, '123', 175, '2015-06-22 06:55:30'),
(785, '123456', 175, '2015-06-22 06:55:37'),
(786, '123456', 175, '2015-06-22 06:58:45'),
(787, '123456', 175, '2015-06-22 07:03:31'),
(788, '123456', 175, '2015-06-22 07:08:17'),
(789, '123456', 175, '2015-06-22 07:09:26'),
(790, '123456', 175, '2015-06-22 07:10:13'),
(791, '123456', 175, '2015-06-22 07:11:32'),
(792, '123456', 175, '2015-06-22 07:12:37'),
(793, '123456', 175, '2015-06-22 07:14:40'),
(794, '123456', 175, '2015-06-22 07:16:23'),
(795, '123456', 175, '2015-06-22 07:17:18'),
(796, '123456', 175, '2015-06-22 07:22:02'),
(797, '123', 175, '2015-06-22 07:28:53'),
(798, '123456', 175, '2015-06-22 07:29:00'),
(799, '123456', 156, '2015-06-22 08:17:35'),
(800, '123456', 192, '2015-06-22 09:09:35'),
(801, '123456', 119, '2015-06-22 10:09:05'),
(802, '123456', 156, '2015-06-22 10:10:36'),
(803, '123456', 119, '2015-06-22 10:17:45'),
(804, '123456', 119, '2015-06-22 10:21:07'),
(805, '123456', 119, '2015-06-22 10:24:27'),
(806, '123456', 186, '2015-06-22 10:46:46'),
(807, '123456', 198, '2015-06-22 10:47:06'),
(808, '123456', 198, '2015-06-22 10:56:24'),
(809, '123456', 186, '2015-06-22 10:56:33'),
(810, '123456', 175, '2015-06-22 11:06:36'),
(811, '123456', 119, '2015-06-22 11:07:54'),
(812, '123456', 156, '2015-06-22 11:12:52'),
(813, '123456', 175, '2015-06-22 11:16:32'),
(814, '123456', 156, '2015-06-22 12:04:52'),
(815, '123456', 156, '2015-06-22 12:05:59'),
(816, '123456', 175, '2015-06-22 12:11:15'),
(817, '123456', 175, '2015-06-22 12:22:55'),
(818, '123456', 156, '2015-06-22 13:42:25'),
(819, '123456', 156, '2015-06-22 14:09:24'),
(820, '123456', 156, '2015-06-22 14:10:44'),
(821, '123456', 156, '2015-06-22 14:25:17'),
(822, '123456', 156, '2015-06-22 14:27:43'),
(823, '123456', 156, '2015-06-22 14:49:14'),
(824, '123456', 156, '2015-06-22 14:54:19'),
(825, '123456', 186, '2015-06-23 05:15:42'),
(826, '123456', 186, '2015-06-23 05:17:04'),
(827, '123456', 186, '2015-06-23 05:35:50'),
(828, '123456', 186, '2015-06-23 05:51:38'),
(829, '123456', 186, '2015-06-23 06:50:10'),
(830, '123456', 186, '2015-06-23 06:53:11'),
(831, '123456', 186, '2015-06-23 08:03:18'),
(832, '123456', 186, '2015-06-23 08:05:25'),
(833, '123456', 186, '2015-06-23 08:07:27'),
(834, '123456', 186, '2015-06-23 08:15:16'),
(835, '123456', 186, '2015-06-23 08:23:47'),
(836, '123456', 186, '2015-06-23 08:27:11'),
(837, '123456', 156, '2015-06-23 08:30:30'),
(838, '123456', 186, '2015-06-23 10:16:07'),
(839, '123456', 156, '2015-06-23 11:02:00'),
(840, '123456', 156, '2015-06-23 11:06:06'),
(841, '123456', 156, '2015-06-23 12:39:17'),
(842, '123456', 156, '2015-06-23 13:03:18'),
(843, '123456', 175, '2015-06-23 13:52:00'),
(844, '123456', 175, '2015-06-23 13:53:43'),
(845, '123456', 175, '2015-06-23 13:55:46'),
(846, '123456', 156, '2015-06-23 14:05:36'),
(847, '123456', 156, '2015-06-23 14:08:50'),
(848, '123456', 156, '2015-06-23 14:09:22'),
(849, '123456', 156, '2015-06-23 14:09:58'),
(850, '123456', 156, '2015-06-23 14:11:09'),
(851, '123456', 156, '2015-06-23 14:12:40'),
(852, '123456', 156, '2015-06-23 14:15:58'),
(853, '123', 175, '2015-06-23 14:16:44'),
(854, '123456', 175, '2015-06-23 14:16:52'),
(855, '123456', 156, '2015-06-23 14:19:27'),
(856, '123456', 175, '2015-06-23 14:20:37'),
(857, '123456', 175, '2015-06-23 14:21:03'),
(858, '123456', 175, '2015-06-23 14:21:15'),
(859, '123456', 201, '2015-06-23 14:23:17'),
(860, '123456', 156, '2015-06-23 14:31:10'),
(861, '123456', 156, '2015-06-23 14:44:55'),
(862, '123456', 156, '2015-06-23 14:45:29'),
(863, '123', 172, '2015-06-23 14:46:30'),
(864, '123', 156, '2015-06-23 14:47:40'),
(865, '123456', 175, '2015-06-23 14:50:41'),
(866, '123456', 175, '2015-06-23 14:52:58'),
(867, '123456', 175, '2015-06-23 14:53:10'),
(868, '123456', 175, '2015-06-23 14:57:38'),
(869, '123', 202, '2015-06-24 06:19:17'),
(870, '123456', 175, '2015-06-24 06:27:01'),
(871, '123', 203, '2015-06-24 06:27:37'),
(872, '123', 203, '2015-06-24 06:28:32'),
(873, '123456', 203, '2015-06-24 06:28:58'),
(874, '123', 172, '2015-06-24 06:32:49'),
(875, '123', 203, '2015-06-24 06:34:04'),
(876, '123', 204, '2015-06-24 06:45:33'),
(877, '123', 172, '2015-06-24 06:47:29'),
(878, '123', 204, '2015-06-24 06:48:20'),
(879, '123', 204, '2015-06-24 06:50:30'),
(880, '123', 206, '2015-06-24 07:53:51'),
(881, '123', 204, '2015-06-24 08:01:50'),
(882, '123', 204, '2015-06-24 08:03:33'),
(883, '123', 204, '2015-06-24 08:04:32'),
(884, '123', 204, '2015-06-24 08:16:29'),
(885, '123', 204, '2015-06-24 08:18:03'),
(886, '123', 204, '2015-06-24 08:18:51'),
(887, '123', 204, '2015-06-24 08:28:45'),
(888, '123', 204, '2015-06-24 08:30:20'),
(889, '123456', 175, '2015-06-24 08:32:16'),
(890, '123', 204, '2015-06-24 08:32:16'),
(891, '123', 204, '2015-06-24 08:32:57'),
(892, '123456', 175, '2015-06-24 08:33:20'),
(893, '123', 204, '2015-06-24 08:34:34'),
(894, '123456', 175, '2015-06-24 08:47:56'),
(895, '123', 175, '2015-06-24 09:04:32'),
(896, '123', 175, '2015-06-24 09:04:38'),
(897, '123', 175, '2015-06-24 09:04:44'),
(898, '123456', 175, '2015-06-24 09:04:53'),
(899, '123', 175, '2015-06-24 09:05:59'),
(900, '123456', 175, '2015-06-24 09:06:10'),
(901, '123456', 175, '2015-06-24 09:07:56'),
(902, '123456', 175, '2015-06-24 09:09:02'),
(903, '123456', 175, '2015-06-24 09:10:41'),
(904, '123456', 175, '2015-06-24 09:21:59'),
(905, '123456', 175, '2015-06-24 09:26:40'),
(906, '123', 175, '2015-06-24 09:59:55'),
(907, '123456', 175, '2015-06-24 10:01:31'),
(908, '123456', 175, '2015-06-24 10:03:01'),
(909, '123456', 175, '2015-06-24 10:04:57'),
(910, '123', 204, '2015-06-24 10:04:59'),
(911, '123', 175, '2015-06-24 10:20:40'),
(912, '123', 175, '2015-06-24 10:20:53'),
(913, '123456', 175, '2015-06-24 10:22:04'),
(914, '123456', 175, '2015-06-24 10:22:14');

-- --------------------------------------------------------

--
-- Table structure for table `user_questions`
--

CREATE TABLE IF NOT EXISTS `user_questions` (
  `id` int(11) NOT NULL AUTO_INCREMENT,
  `meetingcode` varchar(200) NOT NULL,
  `user_id` int(11) NOT NULL,
  `question_text` text NOT NULL,
  `date_added` timestamp NOT NULL DEFAULT CURRENT_TIMESTAMP ON UPDATE CURRENT_TIMESTAMP,
  `meeting_id` int(50) NOT NULL,
  PRIMARY KEY (`id`)
) ENGINE=InnoDB  DEFAULT CHARSET=latin1 AUTO_INCREMENT=128 ;

--
-- Dumping data for table `user_questions`
--

INSERT INTO `user_questions` (`id`, `meetingcode`, `user_id`, `question_text`, `date_added`, `meeting_id`) VALUES
(1, '123456', 3, 'where are you from ?', '2015-06-04 07:39:56', 0),
(2, '123456', 25, 'what is alpha testing?', '2015-06-09 04:53:50', 0),
(3, '123456', 25, 'what is alpha testing?', '2015-06-09 06:30:23', 0),
(4, '123456', 25, 'what is alpha testing?', '2015-06-09 10:25:15', 0),
(5, '123456', 103, 'what is alpha testing?', '2015-06-09 10:27:05', 0),
(6, '123456', 103, '222222222222222222', '2015-06-09 10:28:29', 0),
(7, '123456', 103, 'What is exploration testing?', '2015-06-09 10:28:56', 0),
(8, '123456', 25, 'what is alpha testing?', '2015-06-09 11:23:26', 0),
(9, '123456', 25, 'what is alpha testing?', '2015-06-09 11:25:41', 0),
(10, '123456', 25, 'what is alpha testing?', '2015-06-09 11:31:25', 0),
(11, '123456', 2, '?', '2015-06-09 11:31:46', 0),
(12, '123456', 106, 'what is alpha testing?', '2015-06-09 11:52:18', 0),
(13, '123456', 25, 'what is alpha testing?', '2015-06-09 13:53:27', 0),
(14, '123456', 103, 'what is alpha testing?', '2015-06-09 13:53:49', 0),
(15, '123', 103, 'what is alpha testing?', '2015-06-09 13:54:05', 0),
(16, '123456', 25, 'what is alpha testing', '2015-06-09 13:57:48', 0),
(17, '123456', 25, 'what is alpha testing?', '2015-06-09 15:40:59', 0),
(18, '123456', 25, 'what is alpha testing?', '2015-06-09 15:42:21', 0),
(19, '123456', 25, 'what is alpha testing?', '2015-06-10 05:22:55', 0),
(20, '123456', 25, 'what is alpha testing?', '2015-06-10 05:29:18', 0),
(21, '123456', 25, 'what is alpha testing?', '2015-06-10 05:45:12', 0),
(22, '123456', 25, 'what is alpha testing?', '2015-06-10 05:45:17', 0),
(23, '123456', 104, 'What is your age?', '2015-06-10 05:50:45', 0),
(24, '123456', 104, 'What is your age?', '2015-06-10 05:50:50', 0),
(25, '123456', 104, 'What is your age?', '2015-06-10 05:50:52', 0),
(26, '123456', 104, 'What is your age?', '2015-06-10 05:51:00', 0),
(27, '123456', 104, 'What is your age?', '2015-06-10 05:51:01', 0),
(28, '123456', 104, 'Enter Question', '2015-06-10 05:53:55', 0),
(29, '123456', 104, 'What is your age?', '2015-06-10 05:56:59', 0),
(30, '123456', 104, 'What is your age?', '2015-06-10 05:57:25', 0),
(31, '123456', 104, 'What do u do?', '2015-06-10 06:01:37', 0),
(32, '123456', 104, 'Hamming area', '2015-06-10 06:05:13', 0),
(33, '123456', 25, 'daefsf', '2015-06-10 06:21:37', 0),
(34, '123456', 109, 'fghkkl', '2015-06-10 07:59:34', 0),
(35, '123456', 109, 'hjjk', '2015-06-10 08:49:40', 0),
(36, '123456', 84, 'gjj', '2015-06-10 09:56:21', 0),
(37, '123456', 25, 'what is alpha testing?', '2015-06-10 10:03:31', 0),
(38, '123456', 111, 'CFB', '2015-06-10 14:20:18', 0),
(39, '123456', 111, 'chjj', '2015-06-11 11:11:03', 0),
(40, '123456', 111, 'vhjii', '2015-06-11 12:40:02', 0),
(41, '123456', 111, 'ghhjm', '2015-06-12 07:21:47', 0),
(42, '123456', 111, 'fdhfsdj\nvjjghhjhbn', '2015-06-12 07:22:29', 0),
(43, '123456', 119, 'nvvj', '2015-06-12 08:15:25', 0),
(44, '123456', 25, 'what is alpha testing?', '2015-06-12 10:46:04', 0),
(45, '123', 127, 'this seems good. how does it work', '2015-06-12 15:56:34', 0),
(46, '123', 127, 'this seems good. how does it workthrhrhrrh\n', '2015-06-12 15:57:01', 0),
(47, '123456', 104, 'Hello Hello, What are u say?', '2015-06-15 10:13:21', 0),
(48, '123456', 25, 'what is alpha testing test?', '2015-06-15 11:37:18', 1),
(49, '123456', 25, 'what is beta test?', '2015-06-15 11:38:18', 1),
(50, '123456', 25, 'what is beta test?', '2015-06-15 11:40:24', 1),
(51, '123456', 103, 'why are you making array in php?', '2015-06-15 11:50:36', 1),
(52, '123456', 104, 'How can I dismiss this meeting?', '2015-06-15 12:20:05', 1),
(53, '123456', 104, 'Hello', '2015-06-15 12:22:24', 1),
(54, '123456', 104, 'How u doing dude?', '2015-06-15 12:27:16', 1),
(55, '123456', 104, 'How are u?', '2015-06-15 12:27:27', 1),
(56, '123456', 104, 'How udod?', '2015-06-15 12:28:13', 1),
(57, '123456', 104, 'hello', '2015-06-15 13:28:11', 1),
(58, '987654', 104, 'what is alpha testing tests loreum?', '2015-06-15 13:58:39', 3),
(59, '123456', 104, 'what is testing by loreum?', '2015-06-15 13:59:53', 1),
(60, '987654', 104, 'what is alpha testing?', '2015-06-15 14:51:18', 3),
(61, '123456', 25, 'what is alpha testing?', '2015-06-15 14:54:28', 1),
(62, '123456', 25, 'what is alpha testing?', '2015-06-15 15:07:49', 1),
(63, '123456', 125, 'what is alpha testing?', '2015-06-15 15:09:36', 1),
(64, '123456', 125, 'what is alpha testing?', '2015-06-15 15:09:59', 1),
(65, '123456', 150, 'This it my first question\n', '2015-06-16 11:21:39', 1),
(66, '123456', 150, 'Second question', '2015-06-16 11:21:58', 1),
(67, '123456', 111, 'ghhj', '2015-06-16 11:40:07', 1),
(68, '123456', 104, 'chak jawaaan', '2015-06-16 12:26:22', 1),
(69, '123456', 156, 'Hello', '2015-06-16 14:27:22', 1),
(70, '123456', 156, 'dsffd', '2015-06-16 14:29:04', 1),
(71, '123456', 156, 'dsfdfsadfs', '2015-06-16 14:29:12', 1),
(72, '123456', 156, 'dfsdfs', '2015-06-16 14:29:19', 1),
(73, '123456', 156, 'dfsdfshjkjadfs', '2015-06-16 14:29:26', 1),
(74, '123456', 156, 'dfsdfsdfsdfsa', '2015-06-16 14:30:04', 1),
(75, '123456', 156, 'dsfdfsaadfs', '2015-06-16 14:30:36', 1),
(76, '123456', 156, 'adfrsdfs', '2015-06-16 14:31:16', 1),
(77, '123456', 156, 'dsfdfgsdfs ', '2015-06-16 14:31:23', 1),
(78, '123456', 156, 'what is this??', '2015-06-16 14:32:04', 1),
(79, '123456', 156, 'How are u ??', '2015-06-16 14:32:20', 1),
(80, '123456', 156, 'dfgfdfgs dfgrfdgs adsrdf', '2015-06-16 14:32:52', 1),
(81, '123456', 156, '23343v erwadfr dsdfa', '2015-06-16 14:33:26', 1),
(82, '123456', 156, 'jkjkjhjhj  g hjkh  hj    jk j k  jhj k   j   j', '2015-06-16 14:34:37', 1),
(83, '123456', 156, '123 dfshjhadfs adfsjkadfsjkdfsadfs ', '2015-06-16 14:35:12', 1),
(84, '123456', 156, 'Hello How u doing nowadays?', '2015-06-16 14:36:41', 1),
(85, '123456', 156, 'How m working?', '2015-06-16 14:37:31', 1),
(86, '123456', 156, 'karbon ', '2015-06-16 14:38:24', 1),
(87, '123456', 156, 'dsfasddfsaadfs dfs addfs ', '2015-06-16 14:39:04', 1),
(88, '123456', 156, 'Hello, How u doing?', '2015-06-16 14:47:00', 1),
(89, '123456', 156, 'Dhg\nFhg\nFggh\nFgg\nGgg\nFgh', '2015-06-16 15:45:26', 1),
(90, '123456', 156, 'How r u?', '2015-06-16 15:49:23', 1),
(91, '123456', 156, 'dchc\n', '2015-06-17 09:09:59', 1),
(92, '123456', 119, 'vghjk', '2015-06-17 11:09:13', 1),
(93, '123456', 119, 'ghjk', '2015-06-17 11:10:11', 1),
(94, '123456', 119, 'fghjjlfhjgrsggdhdjfhdkchdykvhdkfhfdjgxugihvksygdh\nfjdnhbjvjbcjhncvgd', '2015-06-17 11:21:12', 1),
(95, '123456', 119, 'yrhjfthffgdhdmwbshfsggh', '2015-06-17 11:21:29', 1),
(96, '123456', 119, 'dfghggfghdbfgdgbdghtbxcgrgrd ffvfndgfhhf', '2015-06-17 11:21:56', 1),
(97, '123456', 119, 'hbgnxmnsg dhfhhjvmjhhbssshff\nffh', '2015-06-17 11:22:08', 1),
(98, '123456', 25, 'what is alpha testing?', '2015-06-17 11:26:57', 1),
(99, '123456', 111, 'vvhjj', '2015-06-17 12:50:38', 1),
(100, '123456', 111, 'gh\n', '2015-06-17 14:30:30', 1),
(101, '123456', 173, 'ghuh', '2015-06-17 15:13:18', 1),
(102, '123456', 156, 'Cggh\n', '2015-06-18 06:06:45', 1),
(103, '123456', 156, 'Xgbb\nGhj\nG\n\n\n\n\n\n\n\n\n\n\n\n\n\n\n\n\n\n\nGjjj\n\n\n\n\n\nHjk', '2015-06-18 06:07:16', 1),
(104, '123456', 175, 'How m doing?', '2015-06-18 07:25:38', 1),
(105, '123456', 25, 'what is alpha testing?', '2015-06-18 12:50:43', 1),
(106, '123456', 25, 'what is alpha testing?', '2015-06-18 13:17:38', 1),
(107, '123456', 173, 'hj\n', '2015-06-18 15:22:56', 1),
(108, '123456', 181, 'Test question', '2015-06-18 16:16:13', 1),
(109, '123456', 182, 'Higvkk', '2015-06-18 16:16:18', 1),
(110, '123456', 156, 'asdh', '2015-06-19 14:26:05', 1),
(111, '123456', 172, '\n\n\n\n\n\n\n\n\n\n\n\n\n\n\n\n\n\n', '2015-06-19 15:29:07', 1),
(112, '123456', 172, '\n\n\n\n\n\n\n\n\n\n\n\n\n\n\n\n\n\n\n\n\n', '2015-06-19 15:29:50', 1),
(113, '123456', 175, 'Hello', '2015-06-22 06:27:53', 1),
(114, '123456', 198, 'hello how are you?', '2015-06-22 10:51:32', 1),
(115, '123456', 186, 'Are you there?', '2015-06-22 10:51:37', 1),
(116, '123456', 198, 'hy', '2015-06-22 10:54:06', 1),
(117, '123456', 175, 'Dfg', '2015-06-22 11:07:46', 1),
(118, '123456', 156, 'cbbj', '2015-06-22 12:05:00', 1),
(119, '123456', 156, 'qfgh', '2015-06-22 14:25:30', 1),
(120, '123456', 156, 'vghj', '2015-06-22 14:49:20', 1),
(121, '123456', 186, 'hello r u there?', '2015-06-23 05:16:19', 1),
(122, '123456', 186, 'can I talk to you?\n', '2015-06-23 08:06:10', 1),
(123, '123456', 186, 'a service of animation?', '2015-06-23 08:08:00', 1),
(124, '123', 202, 'hello\nhoo', '2015-06-24 06:19:39', 4),
(125, '123', 172, 'aghhj', '2015-06-24 06:32:57', 4),
(126, '123', 203, 'bhjjj', '2015-06-24 06:34:17', 4),
(127, '123', 204, 'vbhh', '2015-06-24 06:45:41', 4);

/*!40101 SET CHARACTER_SET_CLIENT=@OLD_CHARACTER_SET_CLIENT */;
/*!40101 SET CHARACTER_SET_RESULTS=@OLD_CHARACTER_SET_RESULTS */;
/*!40101 SET COLLATION_CONNECTION=@OLD_COLLATION_CONNECTION */;
